{
  "KE": {
    "count": 144,
    "min": 0.2,
    "max": 0.5,
    "mean": 0.34999999999999987,
    "median": 0.4
  },
  "avg_error": {
    "count": 144,
    "min": 0.999859,
    "max": 0.999948,
    "mean": 0.9999107291666652,
    "median": 0.999915
  },
  "lambda_val": {
    "count": 144,
    "min": 0.1,
    "max": 0.35,
    "mean": 0.21726250000000047,
    "median": 0.25
  },
  "lipschitz": {
    "count": 144,
    "min": 200.0006,
    "max": 200.0017,
    "mean": 200.00113124999996,
    "median": 200.0012
  },
  "max_error": {
    "count": 144,
    "min": 1.000563,
    "max": 1.001586,
    "mean": 1.0008453402777777,
    "median": 1.000844
  },
  "overshoot_rad": {
    "count": 144,
    "min": 0.0,
    "max": 0.0,
    "mean": 0.0,
    "median": 0.0
  },
  "rmse": {
    "count": 144,
    "min": 0.999867,
    "max": 0.999951,
    "mean": 0.9999152708333335,
    "median": 0.99992
  },
  "setpoint_freq": {
    "count": 144,
    "min": 1.0,
    "max": 1.0,
    "mean": 1.0,
    "median": 1.0
  },
  "steps": {
    "count": 144,
    "min": 5000.0,
    "max": 5000.0,
    "mean": 5000.0,
    "median": 5000.0
  },
  "torque_max": {
    "count": 144,
    "min": 30.0,
    "max": 100.0,
    "mean": 60.0,
    "median": 50.0
  },
  "torque_violation_rate": {
    "count": 144,
    "min": 0.0,
    "max": 0.532,
    "mean": 0.10821527777777779,
    "median": 0.0
  },
  "torque_violations": {
    "count": 144,
    "min": 0.0,
    "max": 2660.0,
    "mean": 541.0763888888889,
    "median": 0.0
  },
  "total_energy_J": {
    "count": 144,
    "min": 0.0335,
    "max": 0.2764,
    "mean": 0.09335277777777773,
    "median": 0.0754
  }
}