mission_day,dose_msv,description,cumulative_dose
39,0.2121572199494967,S3 SPE - Surface (attenuated),0.2121572199494967
93,0.35415662906913337,S3 SPE - Surface (attenuated),0.5663138490186301
209,0.07506885758795022,S2 SPE - Surface (attenuated),0.6413827066065804
376,0.1506989776625393,S2 SPE - Surface (attenuated),0.7920816842691196
