KE,Ec_end
0.00,-6.022050
0.05,-5.661580
0.10,-5.335110
0.20,-4.768980
0.30,-4.297930
0.50,-3.567160
