"# Quantum-Semantic Resonance: alpha=0.540000, lambda=0.120000, epochs=5"
"# Final error: 8.022094, Stable: True"
# Target (Donte): 149.9992314000
# Generated: 2025-11-26T06:11:54.021617

epoch,distance,error,temporal_weight,delta_D,drift,convergence
0.0,139.9992314,10.0,1.0,0.54,0.54,0.06666700826841702
1.0,140.5392314,9.460000000000008,0.8869204367171575,0.4530744358925931,0.9930744358925931,0.06306698982192256
2.0,140.9923058358926,9.006925564107405,0.7866278610665534,0.3825953239290913,1.3756697598216845,0.06004647810553651
3.0,141.3749011598217,8.624330240178324,0.697676326071031,0.3249175159867089,1.7005872758083935,0.057495829543152736
4.0,141.6998186758084,8.299412724191626,0.6187833918061408,0.27731909279561423,1.9779063686040077,0.05532970167066886
5.0,141.977137768604,8.022093631396018,0.5488116360940264,0.23774138986027962,2.2156477584642875,0.05348089824542939
