"# Quantum-Semantic Resonance: alpha=0.510000, lambda=0.105000, epochs=5"
"# Final error: 8.076856, Stable: True"
# Target (Donte): 149.9992314000
# Generated: 2025-11-26T06:11:53.831237

epoch,distance,error,temporal_weight,delta_D,drift,convergence
0.0,139.9992314,10.0,1.0,0.51,0.51,0.06666700826841702
1.0,140.5092314,9.490000000000009,0.9003245225862656,0.43574806568652713,0.9457480656865271,0.06326699084672782
2.0,140.94497946568654,9.05425193431347,0.8105842459701871,0.37430093282697924,1.3200489985135064,0.0603619888569207
3.0,141.3192803985135,8.6799510014865,0.7297888742690568,0.3230611151743557,1.643110113687862,0.05786663651855552
4.0,141.64234151368788,8.356889886312132,0.6570468198150567,0.28003426409064586,1.923144377778508,0.055712884714902156
5.0,141.92237577777854,8.076855622221473,0.5915553643668151,0.2436732707976105,2.1668176485761186,0.053845980054944946
