"# Quantum-Semantic Resonance: alpha=0.580000, lambda=0.145000, epochs=5"
"# Final error: 7.970243, Stable: True"
# Target (Donte): 149.9992314000
# Generated: 2025-11-26T06:11:54.277924

epoch,distance,error,temporal_weight,delta_D,drift,convergence
0.0,139.9992314,10.0,1.0,0.58,0.58,0.06666700826841702
1.0,140.57923140000003,9.419999999999987,0.8650222931107413,0.47261358006398396,1.052613580063984,0.06280032178884876
2.0,141.051844980064,8.94738641993601,0.7482635675785653,0.3883101904189489,1.4409237704829327,0.05964954844385962
3.0,141.44015517048297,8.559076229517046,0.6472646670780347,0.3213192823192445,1.7622430528021773,0.05706080057632246
4.0,141.76147445280222,8.237756947197795,0.559898366565402,0.26751378621613264,2.02975683901831,0.05491866105120452
5.0,142.02898823901836,7.970243160981653,0.48432456895536247,0.22389070583788817,2.253647544856198,0.05313522667144581
