"# Quantum-Semantic Resonance: alpha=0.600000, lambda=0.125000, epochs=5"
"# Final error: 7.840238, Stable: True"
# Target (Donte): 149.9992314000
# Generated: 2025-11-26T06:11:54.371426

epoch,distance,error,temporal_weight,delta_D,drift,convergence
0.0,139.9992314,10.0,1.0,0.6,0.6,0.06666700826841702
1.0,140.5992314,9.400000000000006,0.8824969025845953,0.497728253057712,1.097728253057712,0.06266698777231204
2.0,141.09695965305772,8.90227174694229,0.7788007830714049,0.41598577245798596,1.5137140255156978,0.0593487824161097
3.0,141.5129454255157,8.486285974484304,0.6872892787909722,0.34995200202103566,1.8636660275367334,0.056575529722909655
4.0,141.86289742753675,8.136333972463262,0.6065306597126334,0.2960961607176273,2.1597621882543607,0.05424250442168107
5.0,142.1589935882544,7.840237811745624,0.5352614285189903,0.2517946134626139,2.4115568017169746,0.05226851990220013
