"# Quantum-Semantic Resonance: alpha=0.500000, lambda=0.130000, epochs=5"
"# Final error: 8.186306, Stable: True"
# Target (Donte): 149.9992314000
# Generated: 2025-11-26T06:11:53.800213

epoch,distance,error,temporal_weight,delta_D,drift,convergence
0.0,139.9992314,10.0,1.0,0.5,0.5,0.06666700826841702
1.0,140.4992314,9.5,0.8780954309205613,0.41709532968726665,0.9170953296872666,0.06333365785499617
2.0,140.91632672968728,9.082904670312729,0.7710515858035663,0.3501694024873624,1.2672647321746289,0.06055300807569823
3.0,141.26649613217464,8.732735267825376,0.6770568744981647,0.29562792231268714,1.562892654487316,0.058218533430601134
4.0,141.56212405448733,8.437107345512686,0.5945205479701943,0.2508016841168777,1.8136943386041937,0.05624767051648163
5.0,141.8129257386042,8.186305661395807,0.522045776761016,0.21368131489032388,2.0273756534945178,0.054575650721606334
