"# Quantum-Semantic Resonance: alpha=0.540000, lambda=0.115000, epochs=5"
"# Final error: 8.006157, Stable: True"
# Target (Donte): 149.9992314000
# Generated: 2025-11-26T06:11:54.016655

epoch,distance,error,temporal_weight,delta_D,drift,convergence
0.0,139.9992314,10.0,1.0,0.54,0.54,0.06666700826841702
1.0,140.5392314,9.460000000000008,0.8913661439068313,0.4553454809533662,0.9953454809533662,0.06306698982192256
2.0,140.99457688095336,9.004654519046653,0.794533602503334,0.3863430320930675,1.3816885130464336,0.060031337727552196
3.0,141.38091991304643,8.618311486953587,0.7082203534678,0.329597834809637,1.7112863478560705,0.057455704316052826
4.0,141.71051774785607,8.28871365214394,0.631283645506926,0.28255658602797645,1.9938429338840469,0.05525837415820212
5.0,141.99307433388404,8.006157066115975,0.5627048688069557,0.24327559232298024,2.237118526207027,0.05337465393249991
