"# Quantum-Semantic Resonance: alpha=0.590000, lambda=0.150000, epochs=5"
"# Final error: 7.954219, Stable: True"
# Target (Donte): 149.9992314000
# Generated: 2025-11-26T06:11:54.340999

epoch,distance,error,temporal_weight,delta_D,drift,convergence
0.0,139.9992314,10.0,1.0,0.59,0.59,0.06666700826841702
1.0,140.58923140000002,9.409999999999997,0.8607079764250578,0.4778564614314276,1.0678564614314277,0.0627336547805804
2.0,141.06708786143145,8.932143538568567,0.7408182206817179,0.3904085863038481,1.4582650477352757,0.059547928714043845
3.0,141.45749644773528,8.541734952264733,0.6376281516217733,0.3213405894860838,1.7796056372213593,0.05694519146892597
4.0,141.77883703722136,8.220394362778649,0.5488116360940264,0.26617543669490507,2.0457810739162645,0.05480290989530129
5.0,142.04501247391627,7.95421892608374,0.4723665527410147,0.22168111145782923,2.267462185374094,0.053028397891402394
