"# Quantum-Semantic Resonance: alpha=0.520000, lambda=0.125000, epochs=5"
"# Final error: 8.104558, Stable: True"
# Target (Donte): 149.9992314000
# Generated: 2025-11-26T06:11:53.911661

epoch,distance,error,temporal_weight,delta_D,drift,convergence
0.0,139.9992314,10.0,1.0,0.52,0.52,0.06666700826841702
1.0,140.51923140000002,9.47999999999999,0.8824969025845953,0.4350356730981017,0.9550356730981018,0.06320032383845928
2.0,140.95426707309812,9.04496432690189,0.7788007830714049,0.366299715633494,1.3213353887315957,0.060300071156910544
3.0,141.3205667887316,8.678664611268402,0.6872892787909722,0.3101671633604645,1.6315025520920603,0.05785806053982488
4.0,141.63073395209207,8.368497447907941,0.6065306597126334,0.26393901444992085,1.8954415665419813,0.055790268855390554
5.0,141.894672966542,8.10455843345801,0.5352614285189903,0.22557899127963496,2.121020557821616,0.05403066640952141
