"# Quantum-Semantic Resonance: alpha=0.560000, lambda=0.150000, epochs=5"
"# Final error: 8.049494, Stable: True"
# Target (Donte): 149.9992314000
# Generated: 2025-11-26T06:11:54.167136

epoch,distance,error,temporal_weight,delta_D,drift,convergence
0.0,139.9992314,10.0,1.0,0.5599999999999999,0.5599999999999999,0.06666700826841702
1.0,140.55923140000002,9.439999999999998,0.8607079764250578,0.4550046646573424,1.0150046646573423,0.06293365580538567
2.0,141.01423606465735,8.98499533534266,0.7408182206817179,0.3727499024010767,1.387754567058419,0.059900275831297756
3.0,141.38698596705842,8.612245432941592,0.6376281516217733,0.30751896765629794,1.695273534714717,0.057415263748755385
4.0,141.69450493471473,8.304726465285285,0.5488116360940264,0.25523290904868834,1.9505064437634054,0.05536512679281158
5.0,141.94973784376342,8.049493556236598,0.4723665527410147,0.2129294452583476,2.163435889021753,0.053663565347019486
