"# Quantum-Semantic Resonance: alpha=0.570000, lambda=0.100000, epochs=5"
"# Final error: 7.854210, Stable: True"
# Target (Donte): 149.9992314000
# Generated: 2025-11-26T06:11:54.172110

epoch,distance,error,temporal_weight,delta_D,drift,convergence
0.0,139.9992314,10.0,1.0,0.57,0.57,0.06666700826841702
1.0,140.5692314,9.430000000000007,0.9048374180359595,0.486359160568509,1.056359160568509,0.0628669887971173
2.0,141.0555905605685,8.94364083943151,0.8187307530779818,0.41737872658442493,1.4737378871529339,0.05962457777921327
3.0,141.47296928715292,8.526262112847093,0.7408182206817179,0.36003538866780366,1.8337732758207375,0.0568420386775868
4.0,141.83300467582072,8.166226724179296,0.6703200460356393,0.31201717200029205,2.1457904478210295,0.05444179045426292
5.0,142.145021847821,7.8542095521790145,0.6065306597126334,0.2715376773686511,2.4173281251896803,0.052361665315699836
