"# Quantum-Semantic Resonance: alpha=0.570000, lambda=0.125000, epochs=5"
"# Final error: 7.938544, Stable: True"
# Target (Donte): 149.9992314000
# Generated: 2025-11-26T06:11:54.198506

epoch,distance,error,temporal_weight,delta_D,drift,convergence
0.0,139.9992314,10.0,1.0,0.57,0.57,0.06666700826841702
1.0,140.5692314,9.430000000000007,0.8824969025845953,0.47435091010824615,1.0443509101082462,0.0628669887971173
2.0,141.04358231010826,8.95564908989175,0.7788007830714049,0.39755599187486335,1.4419069019831094,0.05970463319248547
3.0,141.44113830198313,8.558093098016883,0.6872892787909722,0.3352674810902352,1.7771743830733446,0.057054246332737424
4.0,141.77640578307336,8.222825616926656,0.6065306597126334,0.2842815632297786,2.0614559463031235,0.05481911833934007
5.0,142.06068734630313,7.938544053696887,0.5352614285189903,0.2422041965409357,2.303660142844059,0.05292389820670032
