"# Quantum-Semantic Resonance: alpha=0.550000, lambda=0.100000, epochs=5"
"# Final error: 7.922679, Stable: True"
# Target (Donte): 149.9992314000
# Generated: 2025-11-26T06:11:54.058327

epoch,distance,error,temporal_weight,delta_D,drift,convergence
0.0,139.9992314,10.0,1.0,0.55,0.55,0.06666700826841702
1.0,140.54923140000002,9.449999999999989,0.9048374180359595,0.4702892480241895,1.0202892480241896,0.06300032281365402
2.0,141.0195206480242,8.979710751975801,0.8187307530779818,0.404358094051318,1.4246473420755077,0.059865045094996405
3.0,141.42387874207552,8.575352657924498,0.7408182206817179,0.34940276237690265,1.7740501044524104,0.05716931065504444
4.0,141.77328150445243,8.225949895547586,0.6703200460356393,0.30327105119686765,2.077321155649278,0.054839946970205514
5.0,142.0765525556493,7.922678844350713,0.6065306597126334,0.26429411943854497,2.3416152750878227,0.05281812960243416
