"# Quantum-Semantic Resonance: alpha=0.510000, lambda=0.150000, epochs=5"
"# Final error: 8.210287, Stable: True"
# Target (Donte): 149.9992314000
# Generated: 2025-11-26T06:11:53.880300

epoch,distance,error,temporal_weight,delta_D,drift,convergence
0.0,139.9992314,10.0,1.0,0.51,0.51,0.06666700826841702
1.0,140.5092314,9.490000000000009,0.8607079764250578,0.4165740535099641,0.9265740535099641,0.06326699084672782
2.0,140.92580545350998,9.073425946490033,0.7408182206817179,0.34280972252347,1.269383776033434,0.06048981625975206
3.0,141.26861517603345,8.730616223966564,0.6376281516217733,0.28391122095575017,1.5532949969891843,0.05820440639915548
4.0,141.5525263969892,8.446705003010806,0.5488116360940264,0.23641814960760388,1.7897131465967882,0.05631165522766009
5.0,141.7889445465968,8.210286853403204,0.4723665527410147,0.19779150979580418,1.9875046563925922,0.0547355261541907
