"# Quantum-Semantic Resonance: alpha=0.560000, lambda=0.125000, epochs=5"
"# Final error: 7.971529, Stable: True"
# Target (Donte): 149.9992314000
# Generated: 2025-11-26T06:11:54.140130

epoch,distance,error,temporal_weight,delta_D,drift,convergence
0.0,139.9992314,10.0,1.0,0.5599999999999999,0.5599999999999999,0.06666700826841702
1.0,140.55923140000002,9.439999999999998,0.8824969025845953,0.46652316258232035,1.0265231625823203,0.06293365580538567
2.0,141.02575456258234,8.973476837417678,0.7788007830714049,0.3913588441198241,1.4178820067021445,0.059823485451657304
3.0,141.41711340670216,8.582117993297857,0.6872892787909722,0.33031027042231176,1.7481922771244562,0.057214413121971876
4.0,141.74742367712446,8.251807722875554,0.6065306597126334,0.28027856539074075,2.028470842515197,0.05501233336903321
5.0,142.0277022425152,7.9715291574848095,0.5352614285189903,0.2389437167217017,2.267414559236899,0.053143800025396724
