"# Quantum-Semantic Resonance: alpha=0.500000, lambda=0.100000, epochs=5"
"# Final error: 8.095931, Stable: True"
# Target (Donte): 149.9992314000
# Generated: 2025-11-26T06:11:53.765246

epoch,distance,error,temporal_weight,delta_D,drift,convergence
0.0,139.9992314,10.0,1.0,0.5,0.5,0.06666700826841702
1.0,140.4992314,9.5,0.9048374180359595,0.4297977735670808,0.9297977735670808,0.06333365785499617
2.0,140.9290291735671,9.070202226432912,0.8187307530779818,0.3713026749708503,1.3011004485379312,0.060468324682581745
3.0,141.30033184853795,8.698899551462063,0.7408182206817179,0.32221516438015596,1.6233156129180872,0.05799296083234505
4.0,141.62254701291812,8.376684387081895,0.6703200460356393,0.2807529731987379,1.9040685861168252,0.055844848729550846
5.0,141.90329998611685,8.095931413883164,0.6065306597126334,0.24552153107253946,2.1495901171893648,0.05397315265098861
