"# Quantum-Semantic Resonance: alpha=0.530000, lambda=0.135000, epochs=5"
"# Final error: 8.101529, Stable: True"
# Target (Donte): 149.9992314000
# Generated: 2025-11-26T06:11:53.980521

epoch,distance,error,temporal_weight,delta_D,drift,convergence
0.0,139.9992314,10.0,1.0,0.53,0.53,0.06666700826841702
1.0,140.52923140000001,9.469999999999999,0.8737159116880344,0.43852675323534135,0.9685267532353414,0.06313365683019091
2.0,140.96775815323537,9.031473246764648,0.7633794943368531,0.3654053984522968,1.3339321516876383,0.0602101301618046
3.0,141.33316355168768,8.666067848312338,0.6669768108584744,0.3063435136959778,1.6402756653836161,0.05777408168981016
4.0,141.63950706538364,8.359724334616374,0.5827482523739896,0.2581955815552783,1.8984712469388945,0.05573178113375568
5.0,141.8977026469389,8.101528753061103,0.5091564206075492,0.21862210521195985,2.1170933521508544,0.05401046843671429
