"# Quantum-Semantic Resonance: alpha=0.600000, lambda=0.140000, epochs=5"
"# Final error: 7.890319, Stable: True"
# Target (Donte): 149.9992314000
# Generated: 2025-11-26T06:11:54.386032

epoch,distance,error,temporal_weight,delta_D,drift,convergence
0.0,139.9992314,10.0,1.0,0.6,0.6,0.06666700826841702
1.0,140.5992314,9.400000000000006,0.8693582353988059,0.49031804476492685,1.0903180447649268,0.06266698777231204
2.0,141.08954944476494,8.909681955235072,0.7557837414557255,0.40402756579848753,1.4943456105634143,0.059398184057862256
3.0,141.49357701056343,8.505654389436586,0.6570468198150567,0.3353167900215172,1.8296624005849316,0.056704653150886644
4.0,141.82889380058495,8.170337599415063,0.5712090638488149,0.28001825348943915,2.1096806540743707,0.05446919642959626
5.0,142.10891205407438,7.890319345925633,0.49658530379140947,0.23509299776446296,2.3447736518388336,0.0526023985075275
