"# Quantum-Semantic Resonance: alpha=0.500000, lambda=0.105000, epochs=5"
"# Final error: 8.111490, Stable: True"
# Target (Donte): 149.9992314000
# Generated: 2025-11-26T06:11:53.771651

epoch,distance,error,temporal_weight,delta_D,drift,convergence
0.0,139.9992314,10.0,1.0,0.5,0.5,0.06666700826841702
1.0,140.4992314,9.5,0.9003245225862656,0.4276541482284762,0.9276541482284761,0.06333365785499617
2.0,140.92688554822848,9.07234585177153,0.8105842459701871,0.367695031071949,1.295349179300425,0.060482615591399155
3.0,141.29458057930043,8.704650820699584,0.7297888742690568,0.31762786616717853,1.6129770454676036,0.05803130282372622
4.0,141.61220844546762,8.387022954532398,0.6570468198150567,0.2755333379995697,1.8885103834671733,0.05591377286572148
5.0,141.8877417834672,8.111489616532822,0.5915553643668151,0.23991975978328556,2.128430143250459,0.05407687453345725
