"# Quantum-Semantic Resonance: alpha=0.570000, lambda=0.150000, epochs=5"
"# Final error: 8.017636, Stable: True"
# Target (Donte): 149.9992314000
# Generated: 2025-11-26T06:11:54.224265

epoch,distance,error,temporal_weight,delta_D,drift,convergence
0.0,139.9992314,10.0,1.0,0.57,0.57,0.06666700826841702
1.0,140.5692314,9.430000000000007,0.8607079764250578,0.4626391444082331,1.032639144408233,0.0628669887971173
2.0,141.03187054440824,8.967360855591778,0.7408182206817179,0.37866150585527214,1.411300650263505,0.059782712030561624
3.0,141.4105320502635,8.588699349736515,0.6376281516217733,0.3121545999988344,1.7234552502623395,0.05725828905638322
4.0,141.72268665026235,8.276544749737667,0.5488116360940264,0.2589090517226103,1.9823643019849497,0.05517724772646846
5.0,141.98159570198496,8.017635698015056,0.4723665527410147,0.21587398734086624,2.198238289325816,0.05345117853727253
