"# Quantum-Semantic Resonance: alpha=0.590000, lambda=0.110000, epochs=5"
"# Final error: 7.821554, Stable: True"
# Target (Donte): 149.9992314000
# Generated: 2025-11-26T06:11:54.299755

epoch,distance,error,temporal_weight,delta_D,drift,convergence
0.0,139.9992314,10.0,1.0,0.59,0.59,0.06666700826841702
1.0,140.58923140000002,9.409999999999997,0.8958341352965282,0.4973581535752793,1.0873581535752792,0.0627336547805804
2.0,141.0865895535753,8.91264184642472,0.8025187979624785,0.42200119465450825,1.5093593482297876,0.05941791676690364
3.0,141.5085907482298,8.490640651770207,0.7189237334319262,0.3601432615193717,1.8695026097491594,0.056604561053572214
4.0,141.86873400974918,8.130497390250838,0.6440364210831413,0.30894385000973523,2.1784464597588946,0.05420359367421957
5.0,142.17767785975892,7.821553540241098,0.5769498103804866,0.26624598608345257,2.4446924458423474,0.052143957453911975
