"# Quantum-Semantic Resonance: alpha=0.520000, lambda=0.150000, epochs=5"
"# Final error: 8.177927, Stable: True"
# Target (Donte): 149.9992314000
# Generated: 2025-11-26T06:11:53.940208

epoch,distance,error,temporal_weight,delta_D,drift,convergence
0.0,139.9992314,10.0,1.0,0.52,0.52,0.06666700826841702
1.0,140.51923140000002,9.47999999999999,0.8607079764250578,0.4242946040584961,0.9442946040584961,0.06320032383845928
2.0,140.94352600405853,9.055705395941487,0.7408182206817179,0.3488488410388387,1.2931434450973347,0.06037167865075798
3.0,141.29237484509736,8.706856554902657,0.6376281516217733,0.2886903162800022,1.5818337613773368,0.05804600779376164
4.0,141.58106516137735,8.41816623862266,0.5488116360940264,0.24023935448915992,1.8220731158664967,0.0561213958235166
5.0,141.8213045158665,8.177926884133512,0.4723665527410147,0.20087491480296318,2.02294803066946,0.05451979192030388
