"# Quantum-Semantic Resonance: alpha=0.570000, lambda=0.145000, epochs=5"
"# Final error: 8.002220, Stable: True"
# Target (Donte): 149.9992314000
# Generated: 2025-11-26T06:11:54.219314

epoch,distance,error,temporal_weight,delta_D,drift,convergence
0.0,139.9992314,10.0,1.0,0.57,0.57,0.06666700826841702
1.0,140.5692314,9.430000000000007,0.8650222931107413,0.46495813276995485,1.0349581327699549,0.0628669887971173
2.0,141.03418953276997,8.965041867230042,0.7482635675785653,0.38236821003069094,1.4173263428006457,0.059767252028933
3.0,141.41655774280065,8.582673657199365,0.6472646670780347,0.3166499002198942,1.7339762430205399,0.05721811756696351
4.0,141.73320764302053,8.266023756979479,0.559898366565402,0.26380359237284623,1.997779835393386,0.05510710741534825
5.0,141.9970112353934,8.002220164606626,0.48432456895536247,0.22091329441881383,2.2186931298121997,0.05334840778795234
