"# Quantum-Semantic Resonance: alpha=0.500000, lambda=0.115000, epochs=5"
"# Final error: 8.142003, Stable: True"
# Target (Donte): 149.9992314000
# Generated: 2025-11-26T06:11:53.782611

epoch,distance,error,temporal_weight,delta_D,drift,convergence
0.0,139.9992314,10.0,1.0,0.5,0.5,0.06666700826841702
1.0,140.4992314,9.5,0.8913661439068313,0.4233989183557449,0.923398918355745,0.06333365785499617
2.0,140.92263031835577,9.076601081644242,0.794533602503334,0.3605832277942229,1.2839821461499679,0.06051098393590996
3.0,141.28321354615,8.716017853850019,0.7082203534678,0.30864306226426585,1.5926252084142338,0.058107083433028964
4.0,141.59185660841425,8.407374791585767,0.631283645506926,0.26537191037876473,1.8579971187929987,0.056049452474632916
5.0,141.85722851879302,8.142002881206992,0.5627048688069557,0.2290772331547718,2.0870743519477704,0.054280297340290176
