"# Quantum-Semantic Resonance: alpha=0.580000, lambda=0.100000, epochs=5"
"# Final error: 7.820152, Stable: True"
# Target (Donte): 149.9992314000
# Generated: 2025-11-26T06:11:54.229651

epoch,distance,error,temporal_weight,delta_D,drift,convergence
0.0,139.9992314,10.0,1.0,0.58,0.58,0.06666700826841702
1.0,140.57923140000003,9.419999999999987,0.9048374180359595,0.49436697171812616,1.0743669717181261,0.06280032178884876
2.0,141.07359837171816,8.925633028281851,0.8187307530779818,0.4238460345546886,1.4982130062728147,0.05950452508973223
3.0,141.49744440627285,8.501786993727166,0.7408182206817179,0.36530016537185994,1.8635131716446747,0.056678870380712926
4.0,141.8627445716447,8.136486828355316,0.6703200460356393,0.3163349130703875,2.1798480847150623,0.05424352346618301
5.0,142.1790794847151,7.820151915284924,0.6065306597126334,0.2751033902133852,2.4549514749284476,0.052134613239657734
