"# Quantum-Semantic Resonance: alpha=0.530000, lambda=0.140000, epochs=5"
"# Final error: 8.116432, Stable: True"
# Target (Donte): 149.9992314000
# Generated: 2025-11-26T06:11:53.985503

epoch,distance,error,temporal_weight,delta_D,drift,convergence
0.0,139.9992314,10.0,1.0,0.53,0.53,0.06666700826841702
1.0,140.52923140000001,9.469999999999999,0.8693582353988059,0.4363395919290146,0.9663395919290146,0.06313365683019091
2.0,140.96557099192904,9.033660408070972,0.7557837414557255,0.3618571640993738,1.3281967560283885,0.0602247113118939
3.0,141.32742815602842,8.671803243971596,0.6570468198150567,0.3019823794062118,1.6301791354346002,0.057812317856794
4.0,141.62941053543463,8.369820864565384,0.5712090638488149,0.25338862965342557,1.8835677650880258,0.055799091678314976
5.0,141.88279916508804,8.116432234911969,0.49658530379140947,0.21361655125503587,2.0971843163430615,0.05410982549149227
