"# Quantum-Semantic Resonance: alpha=0.540000, lambda=0.135000, epochs=5"
"# Final error: 8.068686, Stable: True"
# Target (Donte): 149.9992314000
# Generated: 2025-11-26T06:11:54.037114

epoch,distance,error,temporal_weight,delta_D,drift,convergence
0.0,139.9992314,10.0,1.0,0.54,0.54,0.06666700826841702
1.0,140.5392314,9.460000000000008,0.8737159116880344,0.4463290363267159,0.9863290363267159,0.06306698982192256
2.0,140.98556043632672,9.013670963673292,0.7633794943368531,0.37156598544785546,1.3578950217745713,0.06009144766639978
3.0,141.35712642177458,8.642104978225433,0.6669768108584744,0.31126051534397103,1.6691555371185425,0.05761432840398829
4.0,141.66838693711856,8.330844462881458,0.5827482523739896,0.2621583927833598,1.9313139299019022,0.05553924766898144
5.0,141.93054532990192,8.068686070098096,0.5091564206075492,0.22184405919668554,2.1531579890985877,0.053791516095049105
