"# Quantum-Semantic Resonance: alpha=0.580000, lambda=0.110000, epochs=5"
"# Final error: 7.855017, Stable: True"
# Target (Donte): 149.9992314000
# Generated: 2025-11-26T06:11:54.240073

epoch,distance,error,temporal_weight,delta_D,drift,convergence
0.0,139.9992314,10.0,1.0,0.58,0.58,0.06666700826841702
1.0,140.57923140000003,9.419999999999987,0.8958341352965282,0.4894479381606105,1.0694479381606103,0.06280032178884876
2.0,141.06867933816065,8.930552061839364,0.8025187979624785,0.4156822825369023,1.4851302206975125,0.059537318814817365
3.0,141.48436162069754,8.514869779302472,0.7189237334319262,0.3550494343425233,1.8401796550400358,0.05676608939812522
4.0,141.83941105504007,8.15982034495994,0.6440364210831413,0.3048028465156654,2.144982501555701,0.05439908104062418
5.0,142.14421390155573,7.855017498444283,0.5769498103804866,0.26285314966324436,2.4078356512189454,0.052367051651734546
