"# Quantum-Semantic Resonance: alpha=0.560000, lambda=0.130000, epochs=5"
"# Final error: 7.987525, Stable: True"
# Target (Donte): 149.9992314000
# Generated: 2025-11-26T06:11:54.145648

epoch,distance,error,temporal_weight,delta_D,drift,convergence
0.0,139.9992314,10.0,1.0,0.5599999999999999,0.5599999999999999,0.06666700826841702
1.0,140.55923140000002,9.439999999999998,0.8780954309205613,0.4641963686018454,1.0241963686018454,0.06293365580538567
2.0,141.02342776860186,8.97580363139815,0.7710515858035663,0.3875652269356533,1.4117615955374987,0.059838997491010806
3.0,141.41099299553753,8.588238404462487,0.6770568744981647,0.3256246476879466,1.7373862432254452,0.057255216072143726
4.0,141.7366176432255,8.262613756774527,0.5945205479701943,0.2750884448672448,2.01247468809269,0.055084373964162374
5.0,142.01170608809272,7.987525311907291,0.522045776761016,0.2335118159277634,2.2459865040204536,0.053250441601311364
