"# Quantum-Semantic Resonance: alpha=0.530000, lambda=0.105000, epochs=5"
"# Final error: 8.007940, Stable: True"
# Target (Donte): 149.9992314000
# Generated: 2025-11-26T06:11:53.950624

epoch,distance,error,temporal_weight,delta_D,drift,convergence
0.0,139.9992314,10.0,1.0,0.53,0.53,0.06666700826841702
1.0,140.52923140000001,9.469999999999999,0.9003245225862656,0.45188188113127253,0.9818818811312726,0.06313365683019091
2.0,140.9811132811313,9.018118118868728,0.8105842459701871,0.38742705719902437,1.369308938330297,0.060121095519618285
3.0,141.36854033833032,8.630691061669694,0.7297888742690568,0.33382486264517663,1.7031338009754737,0.057538235237048645
4.0,141.7023652009755,8.296866199024521,0.6570468198150567,0.2889257661765053,1.992059567151979,0.05531272474923175
5.0,141.991290967152,8.007940432848017,0.5915553643668151,0.2510684263908015,2.2431279935427804,0.053386543104966974
