"# Quantum-Semantic Resonance: alpha=0.520000, lambda=0.135000, epochs=5"
"# Final error: 8.134477, Stable: True"
# Target (Donte): 149.9992314000
# Generated: 2025-11-26T06:11:53.923298

epoch,distance,error,temporal_weight,delta_D,drift,convergence
0.0,139.9992314,10.0,1.0,0.52,0.52,0.06666700826841702
1.0,140.51923140000002,9.47999999999999,0.8737159116880344,0.4307069958257331,0.950706995825733,0.06320032383845928
2.0,140.94993839582577,9.049293004174245,0.7633794943368531,0.3592183253168931,1.309925321142626,0.06032892915326128
3.0,141.30915672114267,8.690074678857343,0.6669768108584744,0.3013960713621651,1.6113213925047911,0.05793412804685439
4.0,141.61055279250485,8.388678607495166,0.5827482523739896,0.25420136550873385,1.865522758013525,0.05592481060869733
5.0,141.86475415801357,8.134477241986446,0.5091564206075492,0.21536950843425615,2.080892266447781,0.05423012615507605
