"# Quantum-Semantic Resonance: alpha=0.520000, lambda=0.115000, epochs=5"
"# Final error: 8.073853, Stable: True"
# Target (Donte): 149.9992314000
# Generated: 2025-11-26T06:11:53.901200

epoch,distance,error,temporal_weight,delta_D,drift,convergence
0.0,139.9992314,10.0,1.0,0.52,0.52,0.06666700826841702
1.0,140.51923140000002,9.47999999999999,0.8913661439068313,0.43940785430031115,0.9594078543003112,0.06320032383845928
2.0,140.95863925430032,9.04059214569969,0.794533602503334,0.3735188208068783,1.3329266751071895,0.06027092313287473
3.0,141.3321580751072,8.667073324892812,0.7082203534678,0.3191862821517203,1.6521129572589097,0.05778078490136057
4.0,141.65134435725892,8.347887042741093,0.631283645506926,0.27403399736032474,1.9261469546192345,0.05565286545022318
5.0,141.92537835461926,8.073853045380758,0.5627048688069557,0.23624621377071625,2.1623931683899507,0.053825962773438304
