"# Quantum-Semantic Resonance: alpha=0.500000, lambda=0.150000, epochs=5"
"# Final error: 8.242748, Stable: True"
# Target (Donte): 149.9992314000
# Generated: 2025-11-26T06:11:53.821325

epoch,distance,error,temporal_weight,delta_D,drift,convergence
0.0,139.9992314,10.0,1.0,0.5,0.5,0.06666700826841702
1.0,140.4992314,9.5,0.8607079764250578,0.4088362888019025,0.9088362888019025,0.06333365785499617
2.0,140.9080676888019,9.091163711198107,0.7408182206817179,0.33674498622279925,1.2455812750247017,0.0606080686303977
3.0,141.24481267502472,8.754418724975295,0.6376281516217733,0.27910319150645196,1.5246844665311536,0.058363090552311286
4.0,141.52391586653118,8.47531553346883,0.5488116360940264,0.23256758921680723,1.757252055747961,0.05650239307472098
5.0,141.756483455748,8.242747944252017,0.4723665527410147,0.19467992157697053,1.9519319773249315,0.05495193453539267
