"# Quantum-Semantic Resonance: alpha=0.600000, lambda=0.100000, epochs=5"
"# Final error: 7.752389, Stable: True"
# Target (Donte): 149.9992314000
# Generated: 2025-11-26T06:11:54.346120

epoch,distance,error,temporal_weight,delta_D,drift,convergence
0.0,139.9992314,10.0,1.0,0.6,0.6,0.06666700826841702
1.0,140.5992314,9.400000000000006,0.9048374180359595,0.5103283037722816,1.1103283037722815,0.06266698777231204
2.0,141.10955970377228,8.889671696227737,0.8187307530779818,0.43669485614811326,1.5470231599203947,0.05926478164759273
3.0,141.54625455992038,8.452976840079629,0.7408182206817179,0.3757271557278936,1.9227503156482884,0.05635346768903263
4.0,141.9219817156483,8.077249684351727,0.6703200460356393,0.3248605428153602,2.2476108584636485,0.053848607149274544
5.0,142.24684225846366,7.752389141536355,0.6065306597126334,0.2821237020219061,2.529734560485555,0.051682859099879054
