"# Quantum-Semantic Resonance: alpha=0.580000, lambda=0.105000, epochs=5"
"# Final error: 7.837697, Stable: True"
# Target (Donte): 149.9992314000
# Generated: 2025-11-26T06:11:54.234537

epoch,distance,error,temporal_weight,delta_D,drift,convergence
0.0,139.9992314,10.0,1.0,0.58,0.58,0.06666700826841702
1.0,140.57923140000003,9.419999999999987,0.9003245225862656,0.4919013061602314,1.0719013061602314,0.06280032178884876
2.0,141.07113270616026,8.928098693839758,0.8105842459701871,0.4197446165662237,1.4916459227264551,0.05952096294434584
3.0,141.49087732272648,8.508354077273538,0.7297888742690568,0.36013952434828767,1.8517854470747428,0.056722651162021465
4.0,141.85101684707476,8.148214552925253,0.6570468198150567,0.3105179906318775,2.1623034377066204,0.054321708697270384
5.0,142.16153483770663,7.837696562293388,0.5915553643668151,0.26891302385083193,2.4312164615574523,0.0522515781523757
