"# Quantum-Semantic Resonance: alpha=0.560000, lambda=0.145000, epochs=5"
"# Final error: 8.034299, Stable: True"
# Target (Donte): 149.9992314000
# Generated: 2025-11-26T06:11:54.161919

epoch,distance,error,temporal_weight,delta_D,drift,convergence
0.0,139.9992314,10.0,1.0,0.5599999999999999,0.5599999999999999,0.06666700826841702
1.0,140.55923140000002,9.439999999999998,0.8650222931107413,0.45728538503006216,1.017285385030062,0.06293365580538567
2.0,141.0165167850301,8.982714614969922,0.7482635675785653,0.37640053272290064,1.3936859177529626,0.05988507095090303
3.0,141.392917317753,8.606314082247025,0.6472646670780347,0.3119515290760188,1.7056374468289814,0.05737572120817563
4.0,141.70486884682902,8.294362553170998,0.559898366565402,0.260064002532414,1.9657014493613953,0.05529603369134995
5.0,141.96493284936142,8.034298550638596,0.48432456895536247,0.21790765821421698,2.183609107575612,0.053562264790635424
