"# Quantum-Semantic Resonance: alpha=0.600000, lambda=0.110000, epochs=5"
"# Final error: 7.788203, Stable: True"
# Target (Donte): 149.9992314000
# Generated: 2025-11-26T06:11:54.356171

epoch,distance,error,temporal_weight,delta_D,drift,convergence
0.0,139.9992314,10.0,1.0,0.6,0.6,0.06666700826841702
1.0,140.5992314,9.400000000000006,0.8958341352965282,0.5052504523072422,1.1052504523072422,0.06266698777231204
2.0,141.10448185230726,8.894749547692754,0.8025187979624785,0.4282922229115013,1.5335426752187435,0.059298634164153145
3.0,141.53277407521875,8.46645732478126,0.7189237334319262,0.3652042265324293,1.8987469017511729,0.05644333804753922
4.0,141.89797830175118,8.101253098248833,0.6440364210831413,0.3130501231010933,2.2117970248522663,0.0540086307285494
5.0,142.2110284248523,7.788202975147726,0.5769498103804866,0.2696041337829734,2.4814011586352396,0.05192161921402835
