"# Quantum-Semantic Resonance: alpha=0.510000, lambda=0.100000, epochs=5"
"# Final error: 8.061042, Stable: True"
# Target (Donte): 149.9992314000
# Generated: 2025-11-26T06:11:53.826048

epoch,distance,error,temporal_weight,delta_D,drift,convergence
0.0,139.9992314,10.0,1.0,0.51,0.51,0.06666700826841702
1.0,140.5092314,9.490000000000009,0.9048374180359595,0.4379322619552245,0.9479322619552245,0.06326699084672782
2.0,140.94716366195522,9.052067738044798,0.8187307530779818,0.3779715180401984,1.325903779995423,0.06034742747385036
3.0,141.3251351799954,8.6740962200046,0.7408182206817179,0.32772235491401697,1.6536261349094399,0.057827604442009156
4.0,141.65285753490943,8.346373865090584,0.6703200460356393,0.28533182738738705,1.938957962296827,0.05564277754752937
5.0,141.9381893622968,8.061042037703203,0.6065306597126334,0.24935272640006914,2.188310688696896,0.05374055561796167
