"# Quantum-Semantic Resonance: alpha=0.540000, lambda=0.140000, epochs=5"
"# Final error: 8.083820, Stable: True"
# Target (Donte): 149.9992314000
# Generated: 2025-11-26T06:11:54.043149

epoch,distance,error,temporal_weight,delta_D,drift,convergence
0.0,139.9992314,10.0,1.0,0.54,0.54,0.06666700826841702
1.0,140.5392314,9.460000000000008,0.8693582353988059,0.4441029609711264,0.9841029609711265,0.06306698982192256
2.0,140.98333436097113,9.015897039028886,0.7557837414557255,0.36795969342378987,1.3520626543949164,0.06010628824481353
3.0,141.3512940543949,8.6479373456051,0.6570468198150567,0.30683338546804356,1.65889603986296,0.057653211052420765
4.0,141.65812743986297,8.341103960137048,0.5712090638488149,0.2572837659649184,1.9161798058278783,0.05560764466781826
5.0,141.9154112058279,8.08382019417212,0.49658530379140947,0.21677254057357703,2.1329523464014555,0.053892410772526926
