"# Quantum-Semantic Resonance: alpha=0.530000, lambda=0.145000, epochs=5"
"# Final error: 8.131144, Stable: True"
# Target (Donte): 149.9992314000
# Generated: 2025-11-26T06:11:53.990671

epoch,distance,error,temporal_weight,delta_D,drift,convergence
0.0,139.9992314,10.0,1.0,0.53,0.53,0.06666700826841702
1.0,140.52923140000001,9.469999999999999,0.8650222931107413,0.43416333913521216,0.9641633391352122,0.06313365683019091
2.0,140.96339473913523,9.035836660864788,0.7482635675785653,0.3583429309235415,1.3225062700587538,0.06023921973819386
3.0,141.32173767005878,8.677493729941233,0.6472646670780347,0.2976816597796537,1.6201879298384074,0.05785025462431291
4.0,141.61941932983842,8.379812070161591,0.559898366565402,0.24866768378105136,1.8688556136194587,0.055865700056924365
5.0,141.8680870136195,8.131144386380527,0.48432456895536247,0.2087199890025209,2.07757560262198,0.05420790700385233
