"# Quantum-Semantic Resonance: alpha=0.540000, lambda=0.105000, epochs=5"
"# Final error: 7.973659, Stable: True"
# Target (Donte): 149.9992314000
# Generated: 2025-11-26T06:11:54.006529

epoch,distance,error,temporal_weight,delta_D,drift,convergence
0.0,139.9992314,10.0,1.0,0.54,0.54,0.06666700826841702
1.0,140.5392314,9.460000000000008,0.9003245225862656,0.4599217791179684,0.9999217791179684,0.06306698982192256
2.0,140.99915317911797,9.000078220882045,0.8105842459701871,0.39394736739070435,1.3938691465086728,0.060000828916794334
3.0,141.39310054650866,8.60613085349135,0.7297888742690568,0.33915556155860915,1.733024708067282,0.05737449967687868
4.0,141.73225610806728,8.266975291932738,0.6570468198150567,0.29331665055291906,2.026341358620201,0.05511345101420791
5.0,142.0255727586202,7.973658641379814,0.5915553643668151,0.25471046931865415,2.281051827938855,0.05315799665744029
