"# Quantum-Semantic Resonance: alpha=0.560000, lambda=0.105000, epochs=5"
"# Final error: 7.905445, Stable: True"
# Target (Donte): 149.9992314000
# Generated: 2025-11-26T06:11:54.118691

epoch,distance,error,temporal_weight,delta_D,drift,convergence
0.0,139.9992314,10.0,1.0,0.5599999999999999,0.5599999999999999,0.06666700826841702
1.0,140.55923140000002,9.439999999999998,0.9003245225862656,0.4759475556200033,1.0359475556200033,0.06293365580538567
2.0,141.03517895562,8.964052444380002,0.8105842459701871,0.4069027027220386,1.442850258342042,0.05976065584280055
3.0,141.44208165834206,8.557149741657952,0.7297888742690568,0.34971510990731314,1.7925653682493552,0.05704795725811933
4.0,141.79179676824938,8.20743463175063,0.6570468198150567,0.30198945412337586,2.0945548223727313,0.05471651124574115
5.0,142.09378622237276,7.905445177627257,0.5915553643668151,0.26188447614185767,2.356439298514589,0.05270323790223939
