"# Quantum-Semantic Resonance: alpha=0.580000, lambda=0.120000, epochs=5"
"# Final error: 7.889000, Stable: True"
# Target (Donte): 149.9992314000
# Generated: 2025-11-26T06:11:54.251227

epoch,distance,error,temporal_weight,delta_D,drift,convergence
0.0,139.9992314,10.0,1.0,0.58,0.58,0.06666700826841702
1.0,140.57923140000003,9.419999999999987,0.8869204367171575,0.4845778498047856,1.0645778498047855,0.06280032178884876
2.0,141.06380924980482,8.935422150195194,0.7866278610665534,0.4076734167966154,1.472251266601401,0.05956978623688597
3.0,141.47148266660145,8.527748733398568,0.697676326071031,0.34507728754651523,1.8173285541479163,0.05685194953204652
4.0,141.81655995414795,8.182671445852066,0.6187833918061408,0.2936714690953768,2.1110000232432933,0.054551422493835953
5.0,142.11023142324333,7.888999976756679,0.5488116360940264,0.251115349094595,2.3621153723378883,0.052593602667997924
