"# Quantum-Semantic Resonance: alpha=0.530000, lambda=0.125000, epochs=5"
"# Final error: 8.071137, Stable: True"
# Target (Donte): 149.9992314000
# Generated: 2025-11-26T06:11:53.970715

epoch,distance,error,temporal_weight,delta_D,drift,convergence
0.0,139.9992314,10.0,1.0,0.53,0.53,0.06666700826841702
1.0,140.52923140000001,9.469999999999999,0.8824969025845953,0.44293402037623425,0.9729340203762342,0.06313365683019091
2.0,140.97216542037626,9.027065979623757,0.7788007830714049,0.37260516084971573,1.3455391812259498,0.0601807482303123
3.0,141.34477058122596,8.654460818774055,0.6872892787909722,0.3152502611263772,1.660789442352327,0.057696701096390114
4.0,141.66002084235234,8.339210557647675,0.6065306597126334,0.26807330469366797,1.928862747045995,0.055595021919876815
5.0,141.928094147046,8.071137252954003,0.5352614285189903,0.22896892815681696,2.1578316752028117,0.05380785739782132
