"# Quantum-Semantic Resonance: alpha=0.550000, lambda=0.115000, epochs=5"
"# Final error: 7.972479, Stable: True"
# Target (Donte): 149.9992314000
# Generated: 2025-11-26T06:11:54.073159

epoch,distance,error,temporal_weight,delta_D,drift,convergence
0.0,139.9992314,10.0,1.0,0.55,0.55,0.06666700826841702
1.0,140.54923140000002,9.449999999999989,0.8913661439068313,0.4632875532955751,1.0132875532955752,0.06300032281365402
2.0,141.0125189532956,8.986712446704416,0.794533602503334,0.39271347582178867,1.406001029117364,0.05991172329903295
3.0,141.40523242911738,8.593998970882637,0.7082203534678,0.33475447438732264,1.7407555035046864,0.05729362004506002
4.0,141.7399869035047,8.259244496495313,0.631283645506926,0.28676592861843175,2.0275214321231183,0.05506191211387309
5.0,142.02675283212312,7.972478567876891,0.5627048688069557,0.24673838786318877,2.274259819986307,0.053150129460442626
