"# Quantum-Semantic Resonance: alpha=0.560000, lambda=0.115000, epochs=5"
"# Final error: 7.938913, Stable: True"
# Target (Donte): 149.9992314000
# Generated: 2025-11-26T06:11:54.129496

epoch,distance,error,temporal_weight,delta_D,drift,convergence
0.0,139.9992314,10.0,1.0,0.5599999999999999,0.5599999999999999,0.06666700826841702
1.0,140.55923140000002,9.439999999999998,0.8913661439068313,0.4712117983149072,1.0312117983149072,0.06293365580538567
2.0,141.0304431983149,8.9687882016851,0.794533602503334,0.39905620159855865,1.4302679999134658,0.05979222771994217
3.0,141.42949939991348,8.569732000086532,0.7082203534678,0.3398784830686336,1.7701464829820994,0.05713183941078868
4.0,141.76937788298213,8.229853517017887,0.631283645506926,0.29094082809181865,2.0610873110739183,0.05486597124668924
5.0,142.06031871107393,7.938912688926081,0.5627048688069557,0.25016683009315344,2.3112541411670717,0.05292635578748759
