"# Quantum-Semantic Resonance: alpha=0.510000, lambda=0.130000, epochs=5"
"# Final error: 8.152906, Stable: True"
# Target (Donte): 149.9992314000
# Generated: 2025-11-26T06:11:53.858782

epoch,distance,error,temporal_weight,delta_D,drift,convergence
0.0,139.9992314,10.0,1.0,0.51,0.51,0.06666700826841702
1.0,140.5092314,9.490000000000009,0.8780954309205613,0.4249894076112429,0.9349894076112428,0.06326699084672782
2.0,140.93422080761124,9.065010592388774,0.7710515858035663,0.356469130421962,1.2914585380332049,0.06043371361160703
3.0,141.2906899380332,8.708541461966803,0.6770568744981647,0.300705071047523,1.5921636090807278,0.058057240565079334
4.0,141.59139500908074,8.407836390919272,0.5945205479701943,0.2549302064170264,1.8470938154977543,0.05605252981929127
5.0,141.84632521549776,8.152906184502257,0.522045776761016,0.2170657023393568,2.064159517837111,0.05435298640138403
