"# Quantum-Semantic Resonance: alpha=0.550000, lambda=0.120000, epochs=5"
"# Final error: 7.988654, Stable: True"
# Target (Donte): 149.9992314000
# Generated: 2025-11-26T06:11:54.078218

epoch,distance,error,temporal_weight,delta_D,drift,convergence
0.0,139.9992314,10.0,1.0,0.55,0.55,0.06666700826841702
1.0,140.54923140000002,9.449999999999989,0.8869204367171575,0.4609768969837421,1.0109768969837423,0.06300032281365402
2.0,141.01020829698376,8.989023103016251,0.7866278610665534,0.3889058809131929,1.3998827778969352,0.05992712775337761
3.0,141.39911417789696,8.600117222103052,0.697676326071031,0.33000540030133824,1.7298881781982733,0.05733440859552998
4.0,141.7291195781983,8.27011182180172,0.6187833918061408,0.2814574314040792,2.0113456096023525,0.055134361320478865
5.0,142.01057700960237,7.988654390397642,0.5488116360940264,0.24113465674011214,2.252480266342465,0.05325796882981656
