"# Quantum-Semantic Resonance: alpha=0.560000, lambda=0.110000, epochs=5"
"# Final error: 7.922287, Stable: True"
# Target (Donte): 149.9992314000
# Generated: 2025-11-26T06:11:54.123946

epoch,distance,error,temporal_weight,delta_D,drift,convergence
0.0,139.9992314,10.0,1.0,0.5599999999999999,0.5599999999999999,0.06666700826841702
1.0,140.55923140000002,9.439999999999998,0.8958341352965282,0.47357375728315654,1.0335737572831565,0.06293365580538567
2.0,141.03280515728318,8.966426242716835,0.8025187979624785,0.40296063417816286,1.4365343914613193,0.059776481246135466
3.0,141.43576579146134,8.563465608538678,0.7189237334319262,0.3447628053187655,1.7812971967800848,0.05709006325307529
4.0,141.7805285967801,8.218702803219912,0.6440364210831413,0.296416060602577,2.077713257382662,0.05479163277379241
5.0,142.07694465738268,7.922286742617331,0.5769498103804866,0.2559626627002431,2.333675920082905,0.05281551557748402
