"# Quantum-Semantic Resonance: alpha=0.570000, lambda=0.130000, epochs=5"
"# Final error: 7.954771, Stable: True"
# Target (Donte): 149.9992314000
# Generated: 2025-11-26T06:11:54.203679

epoch,distance,error,temporal_weight,delta_D,drift,convergence
0.0,139.9992314,10.0,1.0,0.57,0.57,0.06666700826841702
1.0,140.5692314,9.430000000000007,0.8780954309205613,0.4719850750741112,1.041985075074111,0.0628669887971173
2.0,141.04121647507412,8.958014924925891,0.7710515858035663,0.39370422197041893,1.43568929704453,0.05972040550686375
3.0,141.43492069704453,8.564310702955481,0.6770568744981647,0.3305159498961304,1.7662052469406606,0.05709569724472255
4.0,141.76543664694066,8.233794753059357,0.5945205479701943,0.27902412960238865,2.045229376543049,0.05489224628826569
5.0,142.04446077654305,7.954770623456966,0.522045776761016,0.23670700131746328,2.2819363778605126,0.05303207589273664
