"# Quantum-Semantic Resonance: alpha=0.570000, lambda=0.110000, epochs=5"
"# Final error: 7.888595, Stable: True"
# Target (Donte): 149.9992314000
# Generated: 2025-11-26T06:11:54.182590

epoch,distance,error,temporal_weight,delta_D,drift,convergence
0.0,139.9992314,10.0,1.0,0.57,0.57,0.06666700826841702
1.0,140.5692314,9.430000000000007,0.8958341352965282,0.48151980606323724,1.0515198060632371,0.0628669887971173
2.0,141.05075120606324,8.948480193936774,0.8025187979624785,0.4093354434232636,1.4608552494865008,0.05965684030789489
3.0,141.4600866494865,8.539144750513515,0.7189237334319262,0.34992264798822414,1.810777897474725,0.05692792336876944
4.0,141.81000929747472,8.189222102525292,0.6440364210831413,0.30062696577882475,2.11140486325355,0.05459509376209572
5.0,142.11063626325355,7.88859513674646,0.5769498103804866,0.259425437693915,2.370830300947465,0.05259090372076706
