"# Quantum-Semantic Resonance: alpha=0.600000, lambda=0.150000, epochs=5"
"# Final error: 7.922660, Stable: True"
# Target (Donte): 149.9992314000
# Generated: 2025-11-26T06:11:54.395798

epoch,distance,error,temporal_weight,delta_D,drift,convergence
0.0,139.9992314,10.0,1.0,0.6,0.6,0.06666700826841702
1.0,140.5992314,9.400000000000006,0.8607079764250578,0.4854392987037329,1.085439298703733,0.06266698777231204
2.0,141.08467069870375,8.914560701296267,0.7408182206817179,0.39624413981360807,1.481683438517341,0.05943070919826238
3.0,141.48091483851735,8.518316561482663,0.6376281516217733,0.32589110664163984,1.8075745451589809,0.05678906806373584
4.0,141.806805945159,8.192425454841015,0.5488116360940264,0.2697659050469787,2.0773404502059596,0.054616449553627607
5.0,142.07657185020597,7.922659549794048,0.4723665527410147,0.22454396280461367,2.301884413010573,0.05281800097139729
