"# Quantum-Semantic Resonance: alpha=0.580000, lambda=0.130000, epochs=5"
"# Final error: 7.922122, Stable: True"
# Target (Donte): 149.9992314000
# Generated: 2025-11-26T06:11:54.261506

epoch,distance,error,temporal_weight,delta_D,drift,convergence
0.0,139.9992314,10.0,1.0,0.58,0.58,0.06666700826841702
1.0,140.57923140000003,9.419999999999987,0.8780954309205613,0.4797562196377573,1.0597562196377572,0.06280032178884876
2.0,141.05898761963778,8.940243780362238,0.7710515858035663,0.39981657037048884,1.459572790008246,0.05960193060270732
3.0,141.45880419000827,8.540427209991748,0.6770568744981647,0.3353765873132134,1.7949493773214593,0.056936473142433365
4.0,141.7941807773215,8.205050622678527,0.5945205479701943,0.28292812915444526,2.0778775064759047,0.054700617770488964
5.0,142.07710890647593,7.9221224935240855,0.522045776761016,0.23987121426220653,2.3177487207381113,0.05281442057791827
