"# Quantum-Semantic Resonance: alpha=0.510000, lambda=0.110000, epochs=5"
"# Final error: 8.092464, Stable: True"
# Target (Donte): 149.9992314000
# Generated: 2025-11-26T06:11:53.837551

epoch,distance,error,temporal_weight,delta_D,drift,convergence
0.0,139.9992314,10.0,1.0,0.51,0.51,0.06666700826841702
1.0,140.5092314,9.490000000000009,0.8958341352965282,0.43357476314216714,0.9435747631421671,0.06326699084672782
2.0,140.94280616314217,9.056425236857848,0.8025187979624785,0.37066552624093096,1.3142402893830982,0.06037647761479028
3.0,141.3134716893831,8.685759710616907,0.7189237334319262,0.31846433874131497,1.6327046281244133,0.05790536144451808
4.0,141.63193602812441,8.3672953718756,0.6440364210831413,0.274830991237863,1.9075356193622763,0.05578225497411181
5.0,141.90676701936226,8.09246438063775,0.5769498103804866,0.23811623528590944,2.145651854648186,0.05395003897758472
