"# Quantum-Semantic Resonance: alpha=0.540000, lambda=0.110000, epochs=5"
"# Final error: 7.990013, Stable: True"
# Target (Donte): 149.9992314000
# Generated: 2025-11-26T06:11:54.011430

epoch,distance,error,temporal_weight,delta_D,drift,convergence
0.0,139.9992314,10.0,1.0,0.54,0.54,0.06666700826841702
1.0,140.5392314,9.460000000000008,0.8958341352965282,0.45762790967487893,0.997627909674879,0.06306698982192256
2.0,140.99685930967487,9.002372090325139,0.8025187979624785,0.3901269327518896,1.3877548424267685,0.06001612145810727
3.0,141.38698624242676,8.612245157573255,0.7189237334319262,0.334343561863334,1.7220984042901026,0.05741526191295707
4.0,141.7213298042901,8.27790159570992,0.6440364210831413,0.28788858636008985,2.0099869906501926,0.05518629341263358
5.0,142.00921839065018,7.990013009349838,0.5769498103804866,0.24893117049682856,2.258918161147021,0.053267026335908525
