"# Quantum-Semantic Resonance: alpha=0.530000, lambda=0.150000, epochs=5"
"# Final error: 8.145668, Stable: True"
# Target (Donte): 149.9992314000
# Generated: 2025-11-26T06:11:53.996055

epoch,distance,error,temporal_weight,delta_D,drift,convergence
0.0,139.9992314,10.0,1.0,0.53,0.53,0.06666700826841702
1.0,140.52923140000001,9.469999999999999,0.8607079764250578,0.4319979404475008,0.9619979404475008,0.06313365683019091
2.0,140.96122934044752,9.038002059552497,0.7408182206817179,0.35486238002659526,1.316860320474096,0.06025365580341564
3.0,141.3160917204741,8.683139679525908,0.6376281516217733,0.2934405581188785,1.6103008785929744,0.05788789448107737
4.0,141.60953227859298,8.389699121407034,0.5488116360940264,0.24403131856126856,1.854332197154243,0.055931614069637384
5.0,141.85356359715425,8.145667802845765,0.4723665527410147,0.20393027404959768,2.058262471203841,0.054304730276409696
