"# Quantum-Semantic Resonance: alpha=0.500000, lambda=0.120000, epochs=5"
"# Final error: 8.156963, Stable: True"
# Target (Donte): 149.9992314000
# Generated: 2025-11-26T06:11:53.788806

epoch,distance,error,temporal_weight,delta_D,drift,convergence
0.0,139.9992314,10.0,1.0,0.5,0.5,0.06666700826841702
1.0,140.4992314,9.5,0.8869204367171575,0.42128720744064985,0.9212872074406498,0.06333365785499617
2.0,140.92051860744067,9.078712792559344,0.7866278610665534,0.3570784212624256,1.2783656287030754,0.06052506208081372
3.0,141.2775970287031,8.721634371296915,0.697676326071031,0.30424389127506296,1.5826095199781383,0.058144527074536156
4.0,141.58184091997816,8.41739048002185,0.6187833918061408,0.26042707156923206,1.8430365915473703,0.05611622407301115
5.0,141.8422679915474,8.156963408452611,0.5488116360940264,0.22383182168759921,2.0668684132349697,0.05438003469964854
