"# Quantum-Semantic Resonance: alpha=0.510000, lambda=0.125000, epochs=5"
"# Final error: 8.138089, Stable: True"
# Target (Donte): 149.9992314000
# Generated: 2025-11-26T06:11:53.853560

epoch,distance,error,temporal_weight,delta_D,drift,convergence
0.0,139.9992314,10.0,1.0,0.51,0.51,0.06666700826841702
1.0,140.5092314,9.490000000000009,0.8824969025845953,0.42711967588191874,0.9371196758819187,0.06326699084672782
2.0,140.93635107588193,9.062880324118083,0.7788007830714049,0.35996709295858514,1.297086768840504,0.060419511750365425
3.0,141.29631816884051,8.7029132311595,0.6872892787909722,0.3050523668592251,1.602139135699729,0.05801971883410263
4.0,141.60137053569974,8.39786086430027,0.6065306597126334,0.2597715646001464,1.8619107002998754,0.05598602596773219
5.0,141.8611421002999,8.138089299700113,0.5352614285189903,0.22215627050260217,2.0840669708024775,0.05425420666322236
