"# Quantum-Semantic Resonance: alpha=0.570000, lambda=0.115000, epochs=5"
"# Final error: 7.905459, Stable: True"
# Target (Donte): 149.9992314000
# Generated: 2025-11-26T06:11:54.188129

epoch,distance,error,temporal_weight,delta_D,drift,convergence
0.0,139.9992314,10.0,1.0,0.57,0.57,0.06666700826841702
1.0,140.5692314,9.430000000000007,0.8913661439068313,0.4791182160113613,1.0491182160113612,0.0628669887971173
2.0,141.04834961601136,8.950881783988649,0.794533602503334,0.4053712519165963,1.4544894679279574,0.05967285099027946
3.0,141.45372086792796,8.545510532072058,0.7082203534678,0.34496995590645213,1.7994594238344095,0.05697036212994926
4.0,141.79869082383442,8.200540576165594,0.631283645506926,0.2950814275528091,2.094540851387219,0.0546705506396721
5.0,142.09377225138724,7.905459148612778,0.5627048688069557,0.2535611001254973,2.348101951512716,0.05270333104262011
