"# Quantum-Semantic Resonance: alpha=0.570000, lambda=0.135000, epochs=5"
"# Final error: 7.970790, Stable: True"
# Target (Donte): 149.9992314000
# Generated: 2025-11-26T06:11:54.208719

epoch,distance,error,temporal_weight,delta_D,drift,convergence
0.0,139.9992314,10.0,1.0,0.57,0.57,0.06666700826841702
1.0,140.5692314,9.430000000000007,0.8737159116880344,0.4696310396914357,1.0396310396914357,0.0628669887971173
2.0,141.03886243969146,8.960368960308557,0.7633794943368531,0.38988922978154295,1.4295202694729787,0.05973609915649578
3.0,141.428751669473,8.570479730527012,0.6669768108584744,0.3258297405770639,1.7553500100500425,0.05713682430593448
4.0,141.75458141005006,8.244649989949949,0.5827482523739896,0.27385965626547815,2.029209666315521,0.054964614905019755
5.0,142.02844106631554,7.9707903336844765,0.5091564206075492,0.2313276073155863,2.260537273631107,0.05313887450815615
