"# Quantum-Semantic Resonance: alpha=0.500000, lambda=0.135000, epochs=5"
"# Final error: 8.200693, Stable: True"
# Target (Donte): 149.9992314000
# Generated: 2025-11-26T06:11:53.805256

epoch,distance,error,temporal_weight,delta_D,drift,convergence
0.0,139.9992314,10.0,1.0,0.5,0.5,0.06666700826841702
1.0,140.4992314,9.5,0.8737159116880344,0.4150150580518164,0.9150150580518164,0.06333365785499617
2.0,140.91424645805182,9.084984941948193,0.7633794943368531,0.34676456055211685,1.2617796186039332,0.06056687662433043
3.0,141.26101101860394,8.738220381396076,0.6669768108584744,0.2914095181281038,1.553189136732037,0.05825510104177824
4.0,141.55242053673203,8.446810863267984,0.5827482523739896,0.24611821343515244,1.7993073501671895,0.05631236096632415
5.0,141.79853875016718,8.200692649832831,0.5091564206075492,0.2087717658045761,2.0080791159717655,0.05467156446931521
