"# Quantum-Semantic Resonance: alpha=0.560000, lambda=0.120000, epochs=5"
"# Final error: 7.955326, Stable: True"
# Target (Donte): 149.9992314000
# Generated: 2025-11-26T06:11:54.134830

epoch,distance,error,temporal_weight,delta_D,drift,convergence
0.0,139.9992314,10.0,1.0,0.5599999999999999,0.5599999999999999,0.06666700826841702
1.0,140.55923140000002,9.439999999999998,0.8869204367171575,0.46886161966615797,1.028861619666158,0.06293365580538567
2.0,141.0280930196662,8.971138380333826,0.7866278610665534,0.39518905414542743,1.4240506738115855,0.05980789565788285
3.0,141.4232820738116,8.575949326188407,0.697676326071031,0.3350612618341219,1.7591119356457074,0.0571732884638528
4.0,141.75834333564572,8.240888064354294,0.6187833918061408,0.28556218140552997,2.0446741170512372,0.054939535272540696
5.0,142.04390551705126,7.955325882948756,0.5488116360940264,0.24449462315500664,2.289168740206244,0.05303577764164967
