"# Quantum-Semantic Resonance: alpha=0.590000, lambda=0.115000, epochs=5"
"# Final error: 7.838888, Stable: True"
# Target (Donte): 149.9992314000
# Generated: 2025-11-26T06:11:54.304705

epoch,distance,error,temporal_weight,delta_D,drift,convergence
0.0,139.9992314,10.0,1.0,0.59,0.59,0.06666700826841702
1.0,140.58923140000002,9.409999999999997,0.8913661439068313,0.49487756943563355,1.0848775694356334,0.0627336547805804
2.0,141.08410896943565,8.915122430564367,0.794533602503334,0.4179184961493606,1.502796065584994,0.059434454079238475
3.0,141.502027465585,8.497203934415012,0.7082203534678,0.3550556736612434,1.8578517392462373,0.05664831649540713
4.0,141.85708313924624,8.142148260753771,0.631283645506926,0.3032602971420845,2.161112036388322,0.0542812665422349
5.0,142.16034343638833,7.838887963611683,0.5627048688069557,0.2602478449662356,2.4213598813545576,0.052259520868529474
