"# Quantum-Semantic Resonance: alpha=0.580000, lambda=0.115000, epochs=5"
"# Final error: 7.872118, Stable: True"
# Target (Donte): 149.9992314000
# Generated: 2025-11-26T06:11:54.245640

epoch,distance,error,temporal_weight,delta_D,drift,convergence
0.0,139.9992314,10.0,1.0,0.58,0.58,0.06666700826841702
1.0,140.57923140000003,9.419999999999987,0.8913661439068313,0.4870068063849357,1.0670068063849356,0.06280032178884876
2.0,141.06623820638495,8.932993193615062,0.794533602503334,0.41165866926912276,1.4786654756540583,0.059553593110044836
3.0,141.47789687565407,8.521334524345946,0.7082203534678,0.35002898783327985,1.828694463487338,0.056809187919251866
4.0,141.82792586348734,8.171305536512676,0.631283645506926,0.29918786976315764,2.1278823332504957,0.054475649376645244
5.0,142.1271137332505,7.872117666749517,0.5627048688069557,0.2569213784562699,2.3848037117067657,0.052481053357914184
