"# Quantum-Semantic Resonance: alpha=0.510000, lambda=0.120000, epochs=5"
"# Final error: 8.123078, Stable: True"
# Target (Donte): 149.9992314000
# Generated: 2025-11-26T06:11:53.848582

epoch,distance,error,temporal_weight,delta_D,drift,convergence
0.0,139.9992314,10.0,1.0,0.51,0.51,0.06666700826841702
1.0,140.5092314,9.490000000000009,0.8869204367171575,0.4292606221667375,0.9392606221667374,0.06326699084672782
2.0,140.93849202216674,9.060739377833272,0.7866278610665534,0.3634989318597905,1.302759554026528,0.06040523870199825
3.0,141.30199095402654,8.697240445973478,0.697676326071031,0.3094607968264607,1.6122203508529886,0.05798190007241248
4.0,141.611451750853,8.387779649147006,0.6187833918061408,0.26470115579210707,1.8769215066450957,0.05591881752233436
5.0,141.8761529066451,8.12307849335491,0.5488116360940264,0.22736003990097367,2.1042815465460696,0.05415413410814923
