"# Quantum-Semantic Resonance: alpha=0.520000, lambda=0.120000, epochs=5"
"# Final error: 8.089305, Stable: True"
# Target (Donte): 149.9992314000
# Generated: 2025-11-26T06:11:53.906653

epoch,distance,error,temporal_weight,delta_D,drift,convergence
0.0,139.9992314,10.0,1.0,0.52,0.52,0.06666700826841702
1.0,140.51923140000002,9.47999999999999,0.8869204367171575,0.43721629848408955,0.9572162984840895,0.06320032383845928
2.0,140.9564476984841,9.042783701515901,0.7866278610665534,0.3698918912629691,1.3271081897470587,0.060285533579846735
3.0,141.32633958974708,8.672891810252935,0.697676326071031,0.3146453073186177,1.6417534970656764,0.05781957500252188
4.0,141.6409848970657,8.358246502934321,0.6187833918061408,0.26894109427315077,1.9106945913388271,0.05572192887205901
5.0,141.90992599133884,8.089305408661176,0.5488116360940264,0.23085425668196302,2.1415488480207903,0.05392897905649652
