"# Quantum-Semantic Resonance: alpha=0.570000, lambda=0.140000, epochs=5"
"# Final error: 7.986606, Stable: True"
# Target (Donte): 149.9992314000
# Generated: 2025-11-26T06:11:54.214311

epoch,distance,error,temporal_weight,delta_D,drift,convergence
0.0,139.9992314,10.0,1.0,0.57,0.57,0.06666700826841702
1.0,140.5692314,9.430000000000007,0.8693582353988059,0.4672887451092125,1.0372887451092123,0.0628669887971173
2.0,141.03652014510922,8.962711254890792,0.7557837414557255,0.38611067241109603,1.4233994175203084,0.059751714533723875
3.0,141.42263081752031,8.5766005824797,0.6570468198150567,0.3212080038399082,1.7446074213602167,0.05717763019470844
4.0,141.7438388213602,8.2553925786398,0.5712090638488149,0.2687866387933097,2.0133940601535265,0.05503623252992081
5.0,142.01262546015352,7.986605939846498,0.49658530379140947,0.22606377480335407,2.2394578349568808,0.053244312422833506
