"# Quantum-Semantic Resonance: alpha=0.500000, lambda=0.145000, epochs=5"
"# Final error: 8.228911, Stable: True"
# Target (Donte): 149.9992314000
# Generated: 2025-11-26T06:11:53.815986

epoch,distance,error,temporal_weight,delta_D,drift,convergence
0.0,139.9992314,10.0,1.0,0.5,0.5,0.06666700826841702
1.0,140.4992314,9.5,0.8650222931107413,0.41088558922760215,0.9108855892276022,0.06333365785499617
2.0,140.91011698922762,9.089114410772396,0.7482635675785653,0.34005265875671514,1.2509382479843174,0.06059440655755517
3.0,141.25016964798434,8.749061752015677,0.6472646670780347,0.2831479271081797,1.5340861750924972,0.05832737721625204
4.0,141.53331757509252,8.465913824907489,0.559898366565402,0.23700256610245793,1.7710887411949552,0.056439714696481354
5.0,141.770320141195,8.228911258805027,0.48432456895536247,0.1992731949196337,1.970361936114589,0.054859689493082474
