"# Quantum-Semantic Resonance: alpha=0.510000, lambda=0.135000, epochs=5"
"# Final error: 8.167532, Stable: True"
# Target (Donte): 149.9992314000
# Generated: 2025-11-26T06:11:53.864346

epoch,distance,error,temporal_weight,delta_D,drift,convergence
0.0,139.9992314,10.0,1.0,0.51,0.51,0.06666700826841702
1.0,140.5092314,9.490000000000009,0.8737159116880344,0.4228697640978922,0.9328697640978922,0.06326699084672782
2.0,140.9321011640979,9.067130235902113,0.7633794943368531,0.3530047260230367,1.285874490120929,0.06044784464077002
3.0,141.28510589012095,8.714125509879068,0.6669768108584744,0.2964181017419805,1.5822925918629094,0.05809446774191316
4.0,141.58152399186292,8.41770740813709,0.5827482523739896,0.25017561833546126,1.8324682101983707,0.056118336937939065
5.0,141.83169961019837,8.167531789801643,0.5091564206075492,0.21208611381598247,2.0445543240143533,0.05445049093632651
