"# Quantum-Semantic Resonance: alpha=0.560000, lambda=0.100000, epochs=5"
"# Final error: 7.888385, Stable: True"
# Target (Donte): 149.9992314000
# Generated: 2025-11-26T06:11:54.113864

epoch,distance,error,temporal_weight,delta_D,drift,convergence
0.0,139.9992314,10.0,1.0,0.5599999999999999,0.5599999999999999,0.06666700826841702
1.0,140.55923140000002,9.439999999999998,0.9048374180359595,0.4783332526705295,1.0383332526705296,0.06293365580538567
2.0,141.03756465267054,8.961666747329474,0.8187307530779818,0.4108827612329982,1.4492160139035277,0.0597447511143012
3.0,141.44844741390355,8.550783986096462,0.7408182206817179,0.35473628836876764,1.8039523022722954,0.05700551867025408
4.0,141.80318370227232,8.196047697727693,0.6703200460356393,0.3076626039228628,2.1116149061951583,0.05464059796327524
5.0,142.11084630619519,7.888385093804828,0.6065306597126334,0.2679346552407138,2.379549561435872,0.052589503427314416
