"# Quantum-Semantic Resonance: alpha=0.590000, lambda=0.145000, epochs=5"
"# Final error: 7.938367, Stable: True"
# Target (Donte): 149.9992314000
# Generated: 2025-11-26T06:11:54.335748

epoch,distance,error,temporal_weight,delta_D,drift,convergence
0.0,139.9992314,10.0,1.0,0.59,0.59,0.06666700826841702
1.0,140.58923140000002,9.409999999999997,0.8650222931107413,0.48025172691215223,1.070251726912152,0.0627336547805804
2.0,141.06948312691216,8.929748273087853,0.7482635675785653,0.3942265127235557,1.464478239635708,0.059531960195683055
3.0,141.4637096396357,8.535521760364304,0.6472646670780347,0.32595975738301175,1.7904379970187196,0.05690376997734605
4.0,141.7896693970187,8.2095620029813,0.559898366565402,0.27119470098551063,2.0616326980042303,0.054730693793283665
5.0,142.06086409800423,7.9383673019957826,0.48432456895536247,0.2268400329831586,2.288472730987389,0.05292271985598842
