"# Quantum-Semantic Resonance: alpha=0.520000, lambda=0.145000, epochs=5"
"# Final error: 8.163631, Stable: True"
# Target (Donte): 149.9992314000
# Generated: 2025-11-26T06:11:53.935024

epoch,distance,error,temporal_weight,delta_D,drift,convergence
0.0,139.9992314,10.0,1.0,0.52,0.52,0.06666700826841702
1.0,140.51923140000002,9.47999999999999,0.8650222931107413,0.42642138961187065,0.9464213896118707,0.06320032383845928
2.0,140.9456527896119,9.053578610388115,0.7482635675785653,0.35227207757882406,1.2986934671906947,0.0603575000077508
3.0,141.29792486719072,8.701306532809298,0.6472646670780347,0.2928665103573424,1.5915599775480371,0.05800900745688285
4.0,141.59079137754807,8.408440022451941,0.559898366565402,0.24480933536456775,1.8363693129126049,0.05605655405012922
5.0,141.83560071291265,8.163630687087363,0.48432456895536247,0.20560003950898656,2.0419693524215914,0.05442448345163562
