"# Quantum-Semantic Resonance: alpha=0.500000, lambda=0.125000, epochs=5"
"# Final error: 8.171730, Stable: True"
# Target (Donte): 149.9992314000
# Generated: 2025-11-26T06:11:53.794309

epoch,distance,error,temporal_weight,delta_D,drift,convergence
0.0,139.9992314,10.0,1.0,0.5,0.5,0.06666700826841702
1.0,140.4992314,9.5,0.8824969025845953,0.4191860287276828,0.9191860287276827,0.06333365785499617
2.0,140.9184174287277,9.080813971272306,0.7788007830714049,0.35360725158763134,1.2727932803153141,0.06053907001067677
3.0,141.27202468031533,8.727206719684688,0.6872892787909722,0.2999057806115908,1.572699060926905,0.05818167625414037
4.0,141.57193046092692,8.427300939073092,0.6065306597126334,0.2555708199086449,1.8282698808355498,0.05618229413856244
5.0,141.82750128083558,8.171730119164437,0.5352614285189903,0.2187005968527808,2.0469704776883306,0.0544784799421608
