"# Quantum-Semantic Resonance: alpha=0.550000, lambda=0.150000, epochs=5"
"# Final error: 8.081451, Stable: True"
# Target (Donte): 149.9992314000
# Generated: 2025-11-26T06:11:54.108797

epoch,distance,error,temporal_weight,delta_D,drift,convergence
0.0,139.9992314,10.0,1.0,0.55,0.55,0.06666700826841702
1.0,140.54923140000002,9.449999999999989,0.8607079764250578,0.4473529707469233,0.9973529707469233,0.06300032281365402
2.0,140.99658437074694,9.002647029253069,0.7408182206817179,0.3668128724500247,1.3641658431969481,0.06001795439368544
3.0,141.36339724319697,8.635834156803043,0.6376281516217733,0.3028548034112975,1.6670206466082456,0.057572522713626666
4.0,141.66625204660826,8.33297935339175,0.5488116360940264,0.2515279817859968,1.9185486283942423,0.055553480345311615
5.0,141.91778002839425,8.081451371605766,0.4723665527410147,0.20995740290522585,2.128506031299468,0.053876618541165176
