"# Quantum-Semantic Resonance: alpha=0.590000, lambda=0.100000, epochs=5"
"# Final error: 7.786212, Stable: True"
# Target (Donte): 149.9992314000
# Generated: 2025-11-26T06:11:54.288968

epoch,distance,error,temporal_weight,delta_D,drift,convergence
0.0,139.9992314,10.0,1.0,0.59,0.59,0.06666700826841702
1.0,140.58923140000002,9.409999999999997,0.9048374180359595,0.5023566861193842,1.092356686119384,0.0627336547805804
2.0,141.0915880861194,8.907643313880612,0.8187307530779818,0.43028472959288794,1.522641415712272,0.059384593045858844
3.0,141.5218728157123,8.477358584287714,0.7408182206817179,0.37053072044708174,1.8931721361593539,0.05651601348330451
4.0,141.89240353615938,8.106827863840635,0.6703200460356393,0.32061598438666683,2.213788120546021,0.05404579602292972
5.0,142.21301952054606,7.786211879453958,0.6065306597126334,0.27863199744654565,2.4924201179925665,0.05190834517472039
