"# Quantum-Semantic Resonance: alpha=0.590000, lambda=0.130000, epochs=5"
"# Final error: 7.889581, Stable: True"
# Target (Donte): 149.9992314000
# Generated: 2025-11-26T06:11:54.320006

epoch,distance,error,temporal_weight,delta_D,drift,convergence
0.0,139.9992314,10.0,1.0,0.59,0.59,0.06666700826841702
1.0,140.58923140000002,9.409999999999997,0.8780954309205613,0.48750980229278623,1.0775098022927863,0.0627336547805804
2.0,141.0767412022928,8.92249019770722,0.7710515858035663,0.4059023127592767,1.483412115052063,0.05948357277854171
3.0,141.48264351505208,8.516587884947938,0.6770568744981647,0.3402066481115354,1.8236187631635983,0.05677754349445245
4.0,141.82285016316362,8.176381236836392,0.5945205479701943,0.286800572546894,2.110419335710492,0.05450948755219016
5.0,142.10965073571052,7.889580664289497,0.522045776761016,0.2430046137062545,2.353423949416747,0.0525974739380531
