"# Quantum-Semantic Resonance: alpha=0.600000, lambda=0.115000, epochs=5"
"# Final error: 7.805770, Stable: True"
# Target (Donte): 149.9992314000
# Generated: 2025-11-26T06:11:54.361279

epoch,distance,error,temporal_weight,delta_D,drift,convergence
0.0,139.9992314,10.0,1.0,0.6,0.6,0.06666700826841702
1.0,140.5992314,9.400000000000006,0.8913661439068313,0.5027305051634532,1.102730505163453,0.06266698777231204
2.0,141.10196190516345,8.897269494836564,0.794533602503334,0.4241507750505309,1.526881280213984,0.059315433897860384
3.0,141.52611268021397,8.473118719786044,0.7082203534678,0.36005010808209026,1.886931388296074,0.05648774757512553
4.0,141.88616278829605,8.113068611703966,0.631283645506926,0.30729885176665767,2.1942302400627316,0.05408740122187029
5.0,142.1934616400627,7.805769759937306,0.5627048688069557,0.2635406789221695,2.457770918984901,0.05203873171270999
