"# Quantum-Semantic Resonance: alpha=0.500000, lambda=0.140000, epochs=5"
"# Final error: 8.214894, Stable: True"
# Target (Donte): 149.9992314000
# Generated: 2025-11-26T06:11:53.811022

epoch,distance,error,temporal_weight,delta_D,drift,convergence
0.0,139.9992314,10.0,1.0,0.5,0.5,0.06666700826841702
1.0,140.4992314,9.5,0.8693582353988059,0.4129451618144328,0.9129451618144329,0.06333365785499617
2.0,140.91217656181445,9.087054838185566,0.7557837414557255,0.34339241522086195,1.256337577035295,0.060580676003287606
3.0,141.25556897703532,8.74366242296469,0.6570468198150567,0.28724977942726815,1.543587356462563,0.058291381504803425
4.0,141.5428187564626,8.45641264353742,0.5712090638488149,0.24151897748171458,1.7851063339442776,0.05637637316278554
5.0,141.7843377339443,8.214893666055701,0.49658530379140947,0.2039697733386198,1.9890761072828975,0.05476623839591021
