"# Quantum-Semantic Resonance: alpha=0.500000, lambda=0.110000, epochs=5"
"# Final error: 8.126846, Stable: True"
# Target (Donte): 149.9992314000
# Generated: 2025-11-26T06:11:53.777064

epoch,distance,error,temporal_weight,delta_D,drift,convergence
0.0,139.9992314,10.0,1.0,0.5,0.5,0.06666700826841702
1.0,140.4992314,9.5,0.8958341352965282,0.42552121426585093,0.9255212142658509,0.06333365785499617
2.0,140.92475261426586,9.074478785734158,0.8025187979624785,0.3641219903631694,1.2896432046290203,0.0604968352240114
3.0,141.28887460462903,8.710356795370984,0.7189237334319262,0.31310411134261285,1.6027473159716332,0.05806934284978599
4.0,141.60197871597165,8.39725268402836,0.6440364210831413,0.27040682827762136,1.8731541442492545,0.05598197141181057
5.0,141.87238554424928,8.12684585575073,0.5769498103804866,0.2344391087733414,2.107593253022596,0.05417924998614846
