"# Quantum-Semantic Resonance: alpha=0.550000, lambda=0.110000, epochs=5"
"# Final error: 7.956093, Stable: True"
# Target (Donte): 149.9992314000
# Generated: 2025-11-26T06:11:54.068273

epoch,distance,error,temporal_weight,delta_D,drift,convergence
0.0,139.9992314,10.0,1.0,0.55,0.55,0.06666700826841702
1.0,140.54923140000002,9.449999999999989,0.8958341352965282,0.4656097918203701,1.0156097918203701,0.06300032281365402
2.0,141.0148411918204,8.984390208179605,0.8025187979624785,0.3965578116661787,1.412167603486549,0.059896241629539465
3.0,141.4113990034866,8.58783239651342,0.7189237334319262,0.3395698090723991,1.751737412558948,0.05725250933861398
4.0,141.750968812559,8.248262587441019,0.6440364210831413,0.2921699834333217,2.0439073959922696,0.054988699011700524
5.0,142.04313879599232,7.956092604007694,0.5769498103804866,0.25246463655885076,2.2963720325511203,0.053040889141567245
