"# Quantum-Semantic Resonance: alpha=0.540000, lambda=0.130000, epochs=5"
"# Final error: 8.053355, Stable: True"
# Target (Donte): 149.9992314000
# Generated: 2025-11-26T06:11:54.031725

epoch,distance,error,temporal_weight,delta_D,drift,convergence
0.0,139.9992314,10.0,1.0,0.54,0.54,0.06666700826841702
1.0,140.5392314,9.460000000000008,0.8780954309205613,0.44856626993146,0.98856626993146,0.06306698982192256
2.0,140.98779766993147,9.011433730068546,0.7710515858035663,0.3752071344683874,1.3637734043998475,0.06007653269927719
3.0,141.36300480439985,8.636226595600164,0.6770568744981647,0.3157496956588485,1.679523100058696,0.05757513898567992
4.0,141.6787545000587,8.320476899941326,0.5945205479701943,0.26712150224002895,1.9466446022987252,0.055470130228556125
5.0,141.94587600229872,8.053355397701296,0.522045776761016,0.2270278894027767,2.173672491701502,0.05368931108870532
