"# Quantum-Semantic Resonance: alpha=0.540000, lambda=0.145000, epochs=5"
"# Final error: 8.098760, Stable: True"
# Target (Donte): 149.9992314000
# Generated: 2025-11-26T06:11:54.048415

epoch,distance,error,temporal_weight,delta_D,drift,convergence
0.0,139.9992314,10.0,1.0,0.54,0.54,0.06666700826841702
1.0,140.5392314,9.460000000000008,0.8650222931107413,0.44188798821269154,0.9818879882126916,0.06306698982192256
2.0,140.9811193882127,9.01811201178731,0.7482635675785653,0.3643879320052066,1.3462759202178982,0.06012105480553355
3.0,141.3455073202179,8.653724079782108,0.6472646670780347,0.3024674911162083,1.6487434113341064,0.05769178947794334
4.0,141.6479748113341,8.351256588665905,0.559898366565402,0.25249616582917994,1.9012395771632864,0.05567532920482621
5.0,141.90047097716328,8.098760422836733,0.48432456895536247,0.21181114714661015,2.1130507243098964,0.05399201280731851
