"# Quantum-Semantic Resonance: alpha=0.580000, lambda=0.125000, epochs=5"
"# Final error: 7.905667, Stable: True"
# Target (Donte): 149.9992314000
# Generated: 2025-11-26T06:11:54.256367

epoch,distance,error,temporal_weight,delta_D,drift,convergence
0.0,139.9992314,10.0,1.0,0.58,0.58,0.06666700826841702
1.0,140.57923140000003,9.419999999999987,0.8824969025845953,0.48216100769611886,1.0621610076961188,0.06280032178884876
2.0,141.06139240769613,8.937838992303881,0.7788007830714049,0.4037261683579991,1.465887176054118,0.059585898600170294
3.0,141.46511857605412,8.53411282394589,0.6872892787909722,0.34019344637765236,1.8060806224317703,0.05689437701976044
4.0,141.80531202243176,8.19391937756825,0.6065306597126334,0.2882520728910989,2.094332695322869,0.0546264090895085
5.0,142.09356409532288,7.905667304677138,0.5352614285189903,0.24543272894404689,2.339765424266916,0.052704718756826495
