"# Quantum-Semantic Resonance: alpha=0.600000, lambda=0.130000, epochs=5"
"# Final error: 7.857145, Stable: True"
# Target (Donte): 149.9992314000
# Generated: 2025-11-26T06:11:54.376198

epoch,distance,error,temporal_weight,delta_D,drift,convergence
0.0,139.9992314,10.0,1.0,0.6,0.6,0.06666700826841702
1.0,140.5992314,9.400000000000006,0.8780954309205613,0.4952458230391969,1.0952458230391968,0.06266698777231204
2.0,141.0944772230392,8.904754176960807,0.7710515858035663,0.41196148976019364,1.5072073127993906,0.059365332034366725
3.0,141.5064387127994,8.49279268720062,0.6770568744981647,0.34500622035341527,1.8522135331528058,0.05661890802995554
4.0,141.8514449331528,8.147786466847208,0.5945205479701943,0.29064158850084815,2.1428551216536538,0.05431885477545992
5.0,142.14208652165365,7.857144878346361,0.522045776761016,0.24610735806840991,2.3889624797220637,0.05238123425708673
