"# Quantum-Semantic Resonance: alpha=0.600000, lambda=0.145000, epochs=5"
"# Final error: 7.906592, Stable: True"
# Target (Donte): 149.9992314000
# Generated: 2025-11-26T06:11:54.391034

epoch,distance,error,temporal_weight,delta_D,drift,convergence
0.0,139.9992314,10.0,1.0,0.6,0.6,0.06666700826841702
1.0,140.5992314,9.400000000000006,0.8650222931107413,0.48787257331445844,1.0878725733144585,0.06266698777231204
2.0,141.08710397331447,8.912127426685544,0.7482635675785653,0.4001172157803902,1.4879897890948488,0.05941448728440313
3.0,141.48722118909487,8.512010210905146,0.6472646670780347,0.33057140731958107,1.81856119641443,0.056747025511126356
4.0,141.81779259641445,8.181438803585564,0.559898366565402,0.27484645333694124,2.093407649751371,0.054543204836618675
5.0,142.0926390497514,7.906592350248616,0.48432456895536247,0.2297614159163956,2.3231690656677664,0.05271088575890273
