"# Quantum-Semantic Resonance: alpha=0.550000, lambda=0.135000, epochs=5"
"# Final error: 8.035949, Stable: True"
# Target (Donte): 149.9992314000
# Generated: 2025-11-26T06:11:54.093538

epoch,distance,error,temporal_weight,delta_D,drift,convergence
0.0,139.9992314,10.0,1.0,0.55,0.55,0.06666700826841702
1.0,140.54923140000002,9.449999999999989,0.8737159116880344,0.4541138450998554,1.0041138450998555,0.06300032281365402
2.0,141.0033452450999,8.99588615490012,0.7633794943368531,0.3777001263221754,1.381813971422031,0.05997288166704646
3.0,141.38104537142206,8.618186028577952,0.6669768108584744,0.3161471627999291,1.69796113422196,0.05745486792259624
4.0,141.69719253422198,8.30203886577803,0.5827482523739896,0.2660899252095198,1.9640510594314797,0.055347209370954345
5.0,141.9632824594315,8.035948940568517,0.5091564206075492,0.22503552493206913,2.1890865843635487,0.053573267446545836
