"# Quantum-Semantic Resonance: alpha=0.590000, lambda=0.125000, epochs=5"
"# Final error: 7.872899, Stable: True"
# Target (Donte): 149.9992314000
# Generated: 2025-11-26T06:11:54.314942

epoch,distance,error,temporal_weight,delta_D,drift,convergence
0.0,139.9992314,10.0,1.0,0.59,0.59,0.06666700826841702
1.0,140.58923140000002,9.409999999999997,0.8824969025845953,0.48995345534594126,1.0799534553459411,0.0627336547805804
2.0,141.07918485534597,8.920046544654042,0.7788007830714049,0.40986941480658684,1.489822870152528,0.059467281674711575
3.0,141.48905427015256,8.510177129847449,0.6872892787909722,0.3450882566154205,1.8349111267679485,0.05673480490812334
4.0,141.83414252676798,8.165088873232037,0.6065306597126334,0.2921902277127289,2.1271013544806774,0.05443420474241201
5.0,142.1263327544807,7.872898645519314,0.5352614285189903,0.24862947955956757,2.3757308340402448,0.05248625990972453
