"# Quantum-Semantic Resonance: alpha=0.530000, lambda=0.100000, epochs=5"
"# Final error: 7.991622, Stable: True"
# Target (Donte): 149.9992314000
# Generated: 2025-11-26T06:11:53.945355

epoch,distance,error,temporal_weight,delta_D,drift,convergence
0.0,139.9992314,10.0,1.0,0.53,0.53,0.06666700826841702
1.0,140.52923140000001,9.469999999999999,0.9048374180359595,0.45414694848642845,0.9841469484864285,0.06313365683019091
2.0,140.98337834848644,9.015853051513574,0.8187307530779818,0.39122247640082486,1.3753694248872534,0.06010599499320883
3.0,141.37460082488727,8.624630575112747,0.7408182206817179,0.3386320242646848,1.7140014491519382,0.05749783178630838
4.0,141.71323284915195,8.285998550848063,0.6703200460356393,0.2943763592929529,2.008377808444891,0.055240273390147934
5.0,142.0076092084449,7.991622191555109,0.6065306597126334,0.2568996856409563,2.265277494085847,0.053277754272246944
