"# Quantum-Semantic Resonance: alpha=0.570000, lambda=0.105000, epochs=5"
"# Final error: 7.871513, Stable: True"
# Target (Donte): 149.9992314000
# Generated: 2025-11-26T06:11:54.176958

epoch,distance,error,temporal_weight,delta_D,drift,convergence
0.0,139.9992314,10.0,1.0,0.57,0.57,0.06666700826841702
1.0,140.5692314,9.430000000000007,0.9003245225862656,0.483933434135344,1.053933434135344,0.0628669887971173
2.0,141.05316483413534,8.946066565864669,0.8105842459701871,0.4133378154363593,1.467271249571703,0.0596407493716309
3.0,141.4665026495717,8.532728750428305,0.7297888742690568,0.35494415902544246,1.8222154085971456,0.05688514981569635
4.0,141.82144680859716,8.177784591402855,0.6570468198150567,0.30627167945808764,2.128487088055233,0.054518843297238745
5.0,142.12771848805525,7.871512911944762,0.5915553643668151,0.2654168342583837,2.393903922313617,0.05247702163855729
