"# Quantum-Semantic Resonance: alpha=0.510000, lambda=0.140000, epochs=5"
"# Final error: 8.181969, Stable: True"
# Target (Donte): 149.9992314000
# Generated: 2025-11-26T06:11:53.869367

epoch,distance,error,temporal_weight,delta_D,drift,convergence
0.0,139.9992314,10.0,1.0,0.51,0.51,0.06666700826841702
1.0,140.5092314,9.490000000000009,0.8693582353988059,0.42076069235066843,0.9307606923506684,0.06326699084672782
2.0,140.92999209235066,9.069239307649354,0.7557837414557255,0.34957356442072074,1.2803342567713891,0.060461905191131225
3.0,141.27956565677138,8.719665743228632,0.6570468198150567,0.29219066096837193,1.572524917739761,0.05813140282016559
4.0,141.57175631773976,8.427475082260258,0.5712090638488149,0.24550635776970192,1.818031275509463,0.05618345509909231
5.0,141.81726267550945,8.18196872449056,0.49658530379140947,0.20721531665781076,2.0252465921672735,0.054546737660754165
