"# Quantum-Semantic Resonance: alpha=0.550000, lambda=0.125000, epochs=5"
"# Final error: 8.004623, Stable: True"
# Target (Donte): 149.9992314000
# Generated: 2025-11-26T06:11:54.083124

epoch,distance,error,temporal_weight,delta_D,drift,convergence
0.0,139.9992314,10.0,1.0,0.55,0.55,0.06666700826841702
1.0,140.54923140000002,9.449999999999989,0.8824969025845953,0.45867776511834296,1.008677765118343,0.06300032281365402
2.0,141.00790916511838,8.991322234881636,0.7788007830714049,0.38513468385552346,1.3938124489738664,0.05994245537768559
3.0,141.3930438489739,8.606187551026125,0.6872892787909722,0.3253217239296524,1.7191341729035188,0.057374877662380634
4.0,141.71836557290354,8.280865827096477,0.6065306597126334,0.2762429457205346,1.9953771186240534,0.055206055056469285
5.0,141.99460851862406,8.004622881375951,0.5352614285189903,0.23565112330325982,2.231028241927313,0.053364425981825066
