"# Quantum-Semantic Resonance: alpha=0.600000, lambda=0.105000, epochs=5"
"# Final error: 7.770410, Stable: True"
# Target (Donte): 149.9992314000
# Generated: 2025-11-26T06:11:54.351264

epoch,distance,error,temporal_weight,delta_D,drift,convergence
0.0,139.9992314,10.0,1.0,0.6,0.6,0.06666700826841702
1.0,140.5992314,9.400000000000006,0.9003245225862656,0.507783030738654,1.107783030738654,0.06266698777231204
2.0,141.10701443073867,8.89221696926134,0.8105842459701871,0.4324734592219204,1.5402564899605744,0.0592817502214304
3.0,141.53948788996058,8.45974351003943,0.7297888742690568,0.37042960156779814,1.9106860915283725,0.056398579053248604
4.0,141.90991749152838,8.089313908471638,0.6570468198150567,0.31890347868281976,2.2295895702111923,0.053929035722189954
5.0,142.2288209702112,7.770410429788825,0.5915553643668151,0.2757976783844057,2.505387248595598,0.05180300163717255
