"# Quantum-Semantic Resonance: alpha=0.590000, lambda=0.105000, epochs=5"
"# Final error: 7.803996, Stable: True"
# Target (Donte): 149.9992314000
# Generated: 2025-11-26T06:11:54.294262

epoch,distance,error,temporal_weight,delta_D,drift,convergence
0.0,139.9992314,10.0,1.0,0.59,0.59,0.06666700826841702
1.0,140.58923140000002,9.409999999999997,0.9003245225862656,0.49985117169466864,1.0898511716946686,0.0627336547805804
2.0,141.0890825716947,8.910148828305324,0.8105842459701871,0.426123149898967,1.5159743215936357,0.059401296560945734
3.0,141.51520572159365,8.484025678406368,0.7297888742690568,0.36530130539772326,1.8812756269913589,0.056560461005177975
4.0,141.88050702699138,8.118724373008632,0.6570468198150567,0.3147285397841784,2.1960041667755372,0.05412510649043653
5.0,142.19523556677555,7.803995833224462,0.5915553643668151,0.272373240319772,2.4683774070953093,0.052026905474026726
