"# Quantum-Semantic Resonance: alpha=0.550000, lambda=0.105000, epochs=5"
"# Final error: 7.939494, Stable: True"
# Target (Donte): 149.9992314000
# Generated: 2025-11-26T06:11:54.063397

epoch,distance,error,temporal_weight,delta_D,drift,convergence
0.0,139.9992314,10.0,1.0,0.55,0.55,0.06666700826841702
1.0,140.54923140000002,9.449999999999989,0.9003245225862656,0.4679436706142111,1.017943670614211,0.06300032281365402
2.0,141.01717507061423,8.982056329385784,0.8105842459701871,0.40043923463593073,1.4183829052501418,0.05988068235785496
3.0,141.41761430525017,8.581617094749845,0.7297888742690568,0.3444522773442071,1.762835182594349,0.05721107378120768
4.0,141.76206658259437,8.237164817405642,0.6570468198150567,0.29767116211628675,2.0605063447106358,0.05491471349902958
5.0,142.05973774471065,7.939493655289368,0.5915553643668151,0.2583157534178496,2.3188220981284853,0.05293022891642209
