"# Quantum-Semantic Resonance: alpha=0.530000, lambda=0.110000, epochs=5"
"# Final error: 8.024048, Stable: True"
# Target (Donte): 149.9992314000
# Generated: 2025-11-26T06:11:53.955730

epoch,distance,error,temporal_weight,delta_D,drift,convergence
0.0,139.9992314,10.0,1.0,0.53,0.53,0.06666700826841702
1.0,140.52923140000001,9.469999999999999,0.8958341352965282,0.4496281108466805,0.9796281108466804,0.06313365683019091
2.0,140.9788595108467,9.020371889153324,0.8025187979624785,0.3836679542998665,1.3632960651465469,0.06013612073183812
3.0,141.36252746514654,8.636703934853472,0.7189237334319262,0.32908396618172653,1.6923800313282733,0.057578321263674626
4.0,141.69161143132825,8.307619968671759,0.6440364210831413,0.28357172111413653,1.97595175244241,0.055384416914230655
5.0,141.97518315244238,8.02404824755763,0.5769498103804866,0.24536207509034932,2.221313827532759,0.053493929086610166
